{"type":"FeatureCollection","features":[{"type":"Feature","properties":{"sector":1,"name":"Sectorul 1"},"geometry":{"type":"Polygon","coordinates":[[[25.97962,44.47044],[25.97978,44.47032],[25.97995,44.47019],[25.983,44.47276],[25.98636,44.47576],[25.98793,44.4771],[25.98827,44.47738],[25.98918,44.47795],[25.98996,44.47833],[25.99047,44.47856],[25.9911,44.47877],[25.99207,44.47903],[25.99321,44.47918],[25.99661,44.47948],[25.99782,44.47958],[25.99875,44.47966],[25.9996,44.47968],[26.00056,44.47965],[26.00173,44.47955],[26.00274,44.47939],[26.00414,44.47906],[26.00646,44.47825],[26.00805,44.47766],[26.00978,44.47705],[26.0112,44.47653],[26.01238,44.47614],[26.01767,44.47445],[26.01801,44.47435],[26.01864,44.47413],[26.01926,44.47384],[26.01985,44.47356],[26.02039,44.47328],[26.0208,44.47307],[26.02111,44.47291],[26.02168,44.47254],[26.02212,44.47223],[26.02244,44.47197],[26.02281,44.47157],[26.02402,44.47057],[26.02417,44.47042],[26.02451,44.4702],[26.02513,44.46992],[26.02564,44.46976],[26.02572,44.46985],[26.0259,44.46982],[26.02619,44.46981],[26.02659,44.46985],[26.02673,44.46988],[26.02696,44.46991],[26.02724,44.46998],[26.02749,44.46999],[26.02776,44.47007],[26.02805,44.47034],[26.02825,44.47051],[26.02879,44.47101],[26.02919,44.47092],[26.02931,44.47088],[26.02936,44.47093],[26.03081,44.47057],[26.03047,44.47],[26.02936,44.47034],[26.02922,44.4701],[26.02833,44.46863],[26.02848,44.46858],[26.02873,44.469],[26.02923,44.46886],[26.02936,44.46907],[26.0289,44.46921],[26.02896,44.46933],[26.02942,44.46919],[26.02941,44.46915],[26.02986,44.46901],[26.02942,44.46828],[26.02957,44.46823],[26.02981,44.46862],[26.03004,44.46903],[26.03097,44.46874],[26.03083,44.46866],[26.03065,44.46854],[26.03057,44.46849],[26.03052,44.46842],[26.03043,44.46825],[26.03032,44.468],[26.03108,44.46775],[26.0311,44.4678],[26.03117,44.46778],[26.03116,44.46773],[26.03141,44.46766],[26.03147,44.46776],[26.03161,44.46772],[26.03155,44.46762],[26.03166,44.4676],[26.03195,44.4675],[26.03209,44.46772],[26.03229,44.46765],[26.03236,44.46775],[26.03254,44.46769],[26.03248,44.46759],[26.03274,44.46751],[26.03261,44.46729],[26.03276,44.46725],[26.03289,44.46746],[26.03335,44.46732],[26.03342,44.46743],[26.03387,44.46729],[26.03367,44.46695],[26.03381,44.4669],[26.03395,44.46714],[26.03427,44.46704],[26.03434,44.46714],[26.03447,44.4671],[26.03436,44.46691],[26.03482,44.46677],[26.03473,44.46663],[26.03488,44.46658],[26.03499,44.46675],[26.03536,44.46665],[26.03543,44.46677],[26.03551,44.46675],[26.0355,44.46672],[26.03566,44.46664],[26.03543,44.46642],[26.03558,44.46638],[26.03564,44.46643],[26.03576,44.46637],[26.03591,44.46651],[26.03603,44.46644],[26.03612,44.46653],[26.03637,44.46639],[26.03616,44.46618],[26.03629,44.46613],[26.03652,44.46633],[26.0366,44.4663],[26.03657,44.46628],[26.03675,44.46619],[26.03684,44.46626],[26.03708,44.46613],[26.03688,44.46595],[26.03701,44.46589],[26.03719,44.46607],[26.0377,44.46579],[26.03753,44.46562],[26.03764,44.46556],[26.03782,44.46572],[26.03833,44.46546],[26.03814,44.46529],[26.03826,44.46523],[26.03836,44.46533],[26.0385,44.46525],[26.03861,44.46537],[26.03874,44.46531],[26.03869,44.46525],[26.03893,44.46513],[26.03876,44.46497],[26.03889,44.46491],[26.03904,44.46505],[26.03954,44.46478],[26.03939,44.46464],[26.03952,44.46458],[26.03966,44.46472],[26.04015,44.46445],[26.03998,44.46429],[26.04009,44.46424],[26.04025,44.4644],[26.04043,44.46431],[26.04025,44.46414],[26.04035,44.46408],[26.04042,44.46403],[26.04066,44.4639],[26.04119,44.46442],[26.04127,44.46447],[26.04144,44.4645],[26.0417,44.46436],[26.04159,44.46426],[26.04155,44.46428],[26.04145,44.46419],[26.04149,44.46416],[26.04143,44.4641],[26.04155,44.46403],[26.04158,44.46405],[26.04188,44.46388],[26.04167,44.46367],[26.04181,44.46359],[26.04212,44.46342],[26.04214,44.46344],[26.04262,44.46322],[26.04273,44.46316],[26.04284,44.46326],[26.04314,44.46311],[26.04369,44.46285],[26.04365,44.46281],[26.04376,44.46275],[26.04365,44.46263],[26.04413,44.46241],[26.04397,44.46223],[26.04407,44.46218],[26.04463,44.46277],[26.04532,44.46242],[26.04537,44.46242],[26.04581,44.46286],[26.04604,44.46306],[26.04692,44.46255],[26.04599,44.46154],[26.04604,44.46152],[26.04608,44.46147],[26.0472,44.46088],[26.04727,44.46095],[26.04789,44.46065],[26.04784,44.46058],[26.04897,44.46003],[26.04902,44.46009],[26.04951,44.45985],[26.04955,44.45988],[26.04993,44.45968],[26.04987,44.45961],[26.05041,44.45934],[26.05111,44.45901],[26.05118,44.45909],[26.05221,44.45857],[26.05215,44.4585],[26.05235,44.4584],[26.05222,44.45826],[26.05233,44.45822],[26.05272,44.45864],[26.05296,44.45852],[26.05303,44.45858],[26.05333,44.4584],[26.05339,44.45848],[26.05373,44.45832],[26.05381,44.45802],[26.054,44.45794],[26.05407,44.4579],[26.05404,44.45786],[26.05419,44.4578],[26.05422,44.45783],[26.05442,44.45776],[26.05453,44.45787],[26.05459,44.45784],[26.05475,44.45785],[26.05489,44.45773],[26.05496,44.45772],[26.05497,44.45767],[26.05532,44.45735],[26.05558,44.45751],[26.05602,44.45717],[26.05532,44.45686],[26.05685,44.45501],[26.05805,44.4555],[26.05826,44.45528],[26.05835,44.45531],[26.05867,44.45506],[26.05874,44.4551],[26.05883,44.45501],[26.059,44.45509],[26.05931,44.45485],[26.05956,44.45494],[26.05973,44.45476],[26.05866,44.45452],[26.05878,44.45423],[26.05773,44.45393],[26.05765,44.45394],[26.05771,44.4538],[26.0577,44.45382],[26.05809,44.45394],[26.05915,44.45421],[26.05937,44.45378],[26.05915,44.45369],[26.05929,44.45335],[26.05934,44.45335],[26.05938,44.45328],[26.05983,44.45339],[26.05983,44.45337],[26.0599,44.45337],[26.05993,44.45331],[26.05998,44.45331],[26.06,44.45326],[26.06016,44.4533],[26.06038,44.45334],[26.06039,44.45307],[26.06036,44.45274],[26.0604,44.45244],[26.06049,44.45227],[26.06063,44.45194],[26.06097,44.45122],[26.06101,44.4508],[26.06155,44.45034],[26.06162,44.45035],[26.06224,44.44979],[26.06238,44.44953],[26.06249,44.44995],[26.06221,44.44996],[26.06183,44.45041],[26.06167,44.4506],[26.06157,44.45084],[26.06176,44.45156],[26.06216,44.4515],[26.0623,44.45199],[26.06311,44.45188],[26.06313,44.4512],[26.06305,44.45086],[26.06314,44.45085],[26.06312,44.45079],[26.06328,44.45077],[26.06312,44.45027],[26.06301,44.45023],[26.06293,44.45024],[26.06289,44.45011],[26.06282,44.45007],[26.06279,44.44993],[26.06263,44.44994],[26.0625,44.44942],[26.06243,44.44931],[26.06264,44.44892],[26.0629,44.44834],[26.06307,44.44823],[26.06324,44.44817],[26.06363,44.44808],[26.0645,44.44785],[26.06472,44.4477],[26.06509,44.44794],[26.06517,44.44787],[26.06536,44.44798],[26.06539,44.448],[26.06548,44.44793],[26.06561,44.44799],[26.06566,44.44794],[26.06557,44.44789],[26.06574,44.44774],[26.06536,44.44747],[26.06531,44.44742],[26.06535,44.44743],[26.06537,44.44736],[26.06529,44.44735],[26.06534,44.44727],[26.06588,44.44738],[26.06601,44.44719],[26.06616,44.44725],[26.06649,44.44688],[26.0664,44.44683],[26.06658,44.44666],[26.06633,44.44651],[26.06642,44.44645],[26.06673,44.44664],[26.06696,44.44648],[26.06725,44.4467],[26.06741,44.4466],[26.06726,44.44646],[26.06758,44.44632],[26.06746,44.44617],[26.06731,44.44602],[26.06749,44.4459],[26.06738,44.44575],[26.06747,44.44569],[26.06757,44.44561],[26.06779,44.44579],[26.06821,44.44615],[26.06839,44.44593],[26.06857,44.44582],[26.06798,44.44533],[26.06806,44.44526],[26.06824,44.44541],[26.06844,44.44528],[26.06846,44.4453],[26.06864,44.44518],[26.06842,44.445],[26.06852,44.44495],[26.06868,44.44504],[26.06878,44.44498],[26.06891,44.44507],[26.0691,44.44495],[26.06914,44.44493],[26.06919,44.44508],[26.06949,44.44503],[26.06936,44.44457],[26.06946,44.44455],[26.0694,44.44438],[26.06947,44.44436],[26.06944,44.44428],[26.06954,44.44425],[26.0696,44.44434],[26.06977,44.44431],[26.06986,44.44453],[26.06996,44.44451],[26.07008,44.44484],[26.07002,44.44484],[26.07003,44.44489],[26.06997,44.4449],[26.07,44.44501],[26.07032,44.44498],[26.07021,44.44473],[26.07004,44.44438],[26.06998,44.44427],[26.07009,44.44425],[26.06991,44.44394],[26.06996,44.4439],[26.07016,44.44417],[26.07025,44.44414],[26.07041,44.44439],[26.07052,44.44435],[26.07048,44.4443],[26.07058,44.44426],[26.0703,44.44388],[26.07038,44.44384],[26.07026,44.44369],[26.07029,44.44367],[26.0704,44.44384],[26.07043,44.44382],[26.07044,44.44384],[26.07054,44.44381],[26.07038,44.44358],[26.07048,44.44351],[26.07059,44.44368],[26.07075,44.44357],[26.07102,44.44392],[26.07147,44.4437],[26.07128,44.44354],[26.07136,44.4435],[26.07104,44.44327],[26.07115,44.4432],[26.07101,44.44309],[26.0711,44.44303],[26.07125,44.44314],[26.07137,44.44304],[26.07143,44.44308],[26.07156,44.44301],[26.07132,44.44283],[26.07141,44.44271],[26.07155,44.44254],[26.07252,44.4434],[26.07271,44.44329],[26.07275,44.44332],[26.0729,44.44323],[26.07287,44.44321],[26.0729,44.44319],[26.07287,44.44315],[26.07301,44.44306],[26.07232,44.44251],[26.07242,44.44243],[26.07188,44.44207],[26.07211,44.44172],[26.07285,44.4421],[26.07297,44.44197],[26.07258,44.44172],[26.07221,44.44156],[26.07242,44.44125],[26.07259,44.44131],[26.07264,44.44129],[26.07251,44.44113],[26.07258,44.441],[26.073,44.44119],[26.07328,44.44074],[26.0729,44.44061],[26.07305,44.44033],[26.07274,44.44013],[26.07264,44.44013],[26.07253,44.44005],[26.07271,44.43993],[26.07276,44.43975],[26.07277,44.43961],[26.07237,44.43931],[26.07209,44.43925],[26.07211,44.43921],[26.07206,44.43918],[26.07168,44.43917],[26.07116,44.43906],[26.0712,44.439],[26.07094,44.43889],[26.0705,44.43858],[26.07017,44.43826],[26.07006,44.4382],[26.07037,44.438],[26.07137,44.43752],[26.07297,44.43664],[26.07486,44.4357],[26.07514,44.4359],[26.07516,44.43589],[26.07518,44.43589],[26.07784,44.43486],[26.07785,44.43484],[26.07872,44.43452],[26.07882,44.43469],[26.0789,44.43536],[26.07873,44.43548],[26.07877,44.43608],[26.07876,44.43616],[26.07883,44.43664],[26.07901,44.43663],[26.07903,44.43661],[26.07922,44.43659],[26.07922,44.43658],[26.07928,44.43658],[26.07929,44.43659],[26.0794,44.43658],[26.07952,44.43655],[26.07983,44.43654],[26.07983,44.43653],[26.07991,44.43653],[26.07992,44.43654],[26.07995,44.43654],[26.07995,44.43653],[26.08007,44.43652],[26.0801,44.43655],[26.08011,44.4366],[26.0804,44.43658],[26.0803,44.43586],[26.08111,44.43581],[26.08117,44.43581],[26.08117,44.4359],[26.08119,44.43605],[26.08137,44.43603],[26.08137,44.43607],[26.08144,44.43608],[26.08167,44.43608],[26.08203,44.43615],[26.08208,44.43614],[26.08216,44.43613],[26.08229,44.43609],[26.08242,44.43605],[26.08246,44.43612],[26.08239,44.43614],[26.0824,44.43627],[26.08245,44.43656],[26.08247,44.43656],[26.0825,44.4367],[26.08305,44.43665],[26.08312,44.43663],[26.08316,44.43661],[26.0832,44.43658],[26.08322,44.43654],[26.084,44.43493],[26.08399,44.4349],[26.08391,44.43481],[26.08379,44.43483],[26.08372,44.43474],[26.08381,44.4347],[26.0837,44.43458],[26.08391,44.4346],[26.08414,44.4346],[26.08415,44.43461],[26.08447,44.4346],[26.08463,44.4346],[26.0846,44.43515],[26.08476,44.43519],[26.08481,44.43499],[26.08518,44.43499],[26.08518,44.43497],[26.08529,44.43498],[26.08529,44.43499],[26.08549,44.43503],[26.08551,44.43503],[26.08551,44.43502],[26.0857,44.43494],[26.08599,44.43463],[26.08632,44.43463],[26.08617,44.43482],[26.08606,44.43489],[26.08597,44.43497],[26.08611,44.43504],[26.08617,44.43506],[26.08642,44.43478],[26.08659,44.43487],[26.08669,44.43474],[26.08727,44.43474],[26.08734,44.43481],[26.08696,44.43504],[26.08654,44.43521],[26.0866,44.43529],[26.08684,44.4352],[26.08699,44.43513],[26.08713,44.43506],[26.08731,44.43495],[26.08752,44.43482],[26.08771,44.43488],[26.08735,44.43513],[26.08749,44.43524],[26.08754,44.43533],[26.08763,44.43531],[26.08757,44.43516],[26.08763,44.43511],[26.08778,44.43509],[26.08784,44.43527],[26.08787,44.43525],[26.08795,44.43524],[26.08791,44.43509],[26.08808,44.43504],[26.08798,44.43489],[26.08816,44.43483],[26.08828,44.43477],[26.08835,44.43486],[26.08837,44.43497],[26.08835,44.43498],[26.08836,44.435],[26.08842,44.435],[26.08859,44.43498],[26.0886,44.43513],[26.08879,44.43511],[26.08908,44.43511],[26.08912,44.43487],[26.08921,44.43486],[26.08927,44.43487],[26.08944,44.43493],[26.08956,44.43473],[26.0899,44.43475],[26.08973,44.4349],[26.0896,44.4351],[26.08968,44.43511],[26.0898,44.43514],[26.09011,44.43523],[26.09049,44.43544],[26.09068,44.43528],[26.09072,44.43495],[26.09071,44.43472],[26.09161,44.43473],[26.09171,44.43478],[26.09185,44.43478],[26.09192,44.43474],[26.0933,44.43476],[26.09359,44.43478],[26.09358,44.4348],[26.09357,44.43518],[26.09361,44.43519],[26.0938,44.43516],[26.09385,44.43477],[26.09422,44.43478],[26.09418,44.43491],[26.09425,44.43499],[26.09461,44.43484],[26.09462,44.43482],[26.09462,44.4348],[26.09461,44.4348],[26.09474,44.4348],[26.09476,44.43481],[26.09479,44.43504],[26.09536,44.43508],[26.09534,44.4355],[26.09569,44.43547],[26.09569,44.43516],[26.09573,44.43515],[26.09573,44.43513],[26.09601,44.43513],[26.09601,44.43512],[26.09617,44.43512],[26.09617,44.43519],[26.09623,44.43519],[26.09623,44.43522],[26.09629,44.43522],[26.09629,44.43519],[26.09642,44.43519],[26.09642,44.43539],[26.09666,44.43537],[26.09668,44.43483],[26.097,44.43483],[26.09701,44.43484],[26.09706,44.43484],[26.09709,44.43485],[26.09711,44.43487],[26.09712,44.4349],[26.098,44.4349],[26.09804,44.4349],[26.0982,44.43488],[26.09821,44.43486],[26.09823,44.43484],[26.09826,44.43483],[26.09829,44.43482],[26.09833,44.43482],[26.09942,44.43503],[26.09944,44.43504],[26.09946,44.43505],[26.09947,44.43507],[26.09942,44.43541],[26.09957,44.43543],[26.09956,44.43553],[26.09957,44.43555],[26.09959,44.43556],[26.10011,44.43569],[26.10029,44.43574],[26.10059,44.43581],[26.10059,44.43582],[26.10065,44.43583],[26.10065,44.43584],[26.10091,44.4359],[26.10097,44.43591],[26.10098,44.43591],[26.10128,44.43598],[26.10128,44.43599],[26.10146,44.43603],[26.10177,44.4361],[26.1018,44.4361],[26.10183,44.43609],[26.10195,44.43584],[26.1022,44.43589],[26.10215,44.43598],[26.10216,44.43601],[26.10225,44.43601],[26.10232,44.43592],[26.10253,44.43597],[26.10255,44.43595],[26.10265,44.43596],[26.1027,44.43596],[26.10277,44.43595],[26.10281,44.43593],[26.10286,44.43591],[26.10292,44.43586],[26.10295,44.43582],[26.10327,44.43587],[26.10351,44.4359],[26.10355,44.43591],[26.10359,44.43589],[26.10362,44.43589],[26.10365,44.43589],[26.10369,44.43589],[26.10376,44.43589],[26.10375,44.43594],[26.10376,44.43601],[26.1038,44.43606],[26.10385,44.43603],[26.10416,44.43631],[26.10425,44.43635],[26.10454,44.43645],[26.10482,44.43653],[26.10474,44.43669],[26.10468,44.43682],[26.10491,44.437],[26.10484,44.43705],[26.10488,44.43709],[26.10464,44.4372],[26.10447,44.43726],[26.10449,44.43729],[26.10441,44.43731],[26.1044,44.43734],[26.10438,44.43734],[26.10436,44.43737],[26.10427,44.43744],[26.10419,44.43754],[26.10417,44.43766],[26.10405,44.43791],[26.104,44.43792],[26.10394,44.43804],[26.10326,44.43788],[26.10316,44.43804],[26.10273,44.43785],[26.10281,44.43774],[26.10183,44.43747],[26.10166,44.43765],[26.10157,44.43762],[26.10145,44.43787],[26.10145,44.43788],[26.10166,44.43792],[26.10186,44.43794],[26.10209,44.43801],[26.10195,44.43827],[26.10172,44.4386],[26.10159,44.43855],[26.10135,44.43845],[26.1012,44.43842],[26.10117,44.43842],[26.10116,44.43847],[26.10116,44.43852],[26.10119,44.43856],[26.10123,44.4386],[26.10128,44.43863],[26.10128,44.43864],[26.10125,44.43865],[26.10127,44.43869],[26.10116,44.43873],[26.10126,44.43888],[26.10125,44.43888],[26.10119,44.4389],[26.10116,44.43891],[26.10111,44.43891],[26.10107,44.43891],[26.10102,44.4389],[26.10099,44.43896],[26.10106,44.43896],[26.10109,44.43902],[26.10117,44.43901],[26.10114,44.43906],[26.10116,44.43907],[26.10117,44.43906],[26.1012,44.43906],[26.10124,44.4392],[26.10131,44.4392],[26.10141,44.43918],[26.10141,44.43919],[26.10145,44.43919],[26.10147,44.4392],[26.10141,44.43938],[26.10132,44.43966],[26.10127,44.43965],[26.1012,44.43963],[26.1011,44.43962],[26.1009,44.43958],[26.1009,44.43962],[26.10083,44.43976],[26.10081,44.43978],[26.10076,44.43985],[26.10074,44.43988],[26.10075,44.43996],[26.10075,44.44003],[26.10071,44.44003],[26.10071,44.44011],[26.10099,44.44013],[26.10098,44.44042],[26.10083,44.44042],[26.10079,44.44042],[26.10069,44.44064],[26.1009,44.44069],[26.10093,44.44064],[26.10097,44.44061],[26.1011,44.44064],[26.10113,44.44064],[26.10105,44.44081],[26.101,44.44091],[26.10095,44.44101],[26.1008,44.44096],[26.10078,44.44098],[26.10078,44.44132],[26.10121,44.44132],[26.10131,44.44114],[26.10164,44.44124],[26.1016,44.44135],[26.10155,44.44134],[26.10145,44.44166],[26.10133,44.44166],[26.1013,44.44187],[26.10136,44.44187],[26.10135,44.44193],[26.10128,44.44192],[26.10125,44.44208],[26.10117,44.44208],[26.10115,44.44224],[26.10136,44.44227],[26.10134,44.44244],[26.10198,44.44253],[26.10198,44.44257],[26.10196,44.44264],[26.10202,44.44265],[26.10203,44.44265],[26.10202,44.44266],[26.1021,44.44269],[26.10211,44.4427],[26.10247,44.44275],[26.10246,44.44287],[26.10277,44.44288],[26.103,44.4429],[26.10281,44.44311],[26.10317,44.44302],[26.10337,44.44348],[26.10331,44.44349],[26.10342,44.4438],[26.10327,44.44385],[26.10342,44.44408],[26.10327,44.44413],[26.10322,44.4443],[26.10331,44.44439],[26.10296,44.4445],[26.10299,44.44456],[26.10298,44.44463],[26.10296,44.44476],[26.10318,44.44478],[26.10324,44.44467],[26.10338,44.44465],[26.10357,44.4446],[26.10357,44.44488],[26.10386,44.4449],[26.1038,44.44513],[26.10423,44.44518],[26.10428,44.44541],[26.10419,44.44585],[26.10417,44.44608],[26.10421,44.44635],[26.10353,44.44641],[26.10349,44.44659],[26.10368,44.44658],[26.10371,44.44678],[26.1039,44.44676],[26.10391,44.44684],[26.10375,44.44684],[26.10374,44.44691],[26.10367,44.44691],[26.10364,44.44704],[26.10339,44.44701],[26.10337,44.44711],[26.10331,44.44714],[26.10329,44.44724],[26.10353,44.44727],[26.1035,44.44741],[26.10336,44.4474],[26.10331,44.44761],[26.10325,44.4476],[26.10322,44.4477],[26.10342,44.44773],[26.10338,44.44786],[26.10336,44.448],[26.10329,44.448],[26.10329,44.44812],[26.10342,44.44814],[26.1034,44.44837],[26.10348,44.44837],[26.10347,44.44848],[26.10349,44.44859],[26.10352,44.44874],[26.10396,44.44872],[26.10396,44.44881],[26.10397,44.44887],[26.10409,44.44886],[26.10411,44.44898],[26.104,44.44899],[26.10363,44.44904],[26.10366,44.44915],[26.1034,44.44918],[26.1029,44.44917],[26.10286,44.4494],[26.10319,44.44941],[26.10338,44.44942],[26.10363,44.44943],[26.10408,44.44945],[26.10402,44.44966],[26.10399,44.44984],[26.10383,44.44982],[26.10383,44.44983],[26.1037,44.44982],[26.10365,44.45015],[26.10332,44.45013],[26.10331,44.45032],[26.10339,44.45033],[26.10338,44.45069],[26.10335,44.45087],[26.10318,44.45086],[26.10311,44.45109],[26.10308,44.4512],[26.10267,44.45111],[26.1026,44.45127],[26.10254,44.45144],[26.10239,44.45141],[26.10235,44.45152],[26.10151,44.45137],[26.10144,44.45157],[26.10149,44.4516],[26.10171,44.45162],[26.10169,44.45171],[26.10169,44.45192],[26.10162,44.45233],[26.10152,44.45258],[26.10114,44.45252],[26.1011,44.45266],[26.10113,44.45272],[26.10118,44.45275],[26.10128,44.45281],[26.10143,44.45284],[26.10144,44.45319],[26.10118,44.45319],[26.10118,44.45325],[26.10102,44.45325],[26.10103,44.4535],[26.10226,44.4535],[26.10226,44.45355],[26.10221,44.45385],[26.10197,44.4539],[26.10193,44.45391],[26.10172,44.45408],[26.10152,44.45425],[26.10147,44.45431],[26.10144,44.45435],[26.10136,44.45449],[26.10133,44.45458],[26.10131,44.45458],[26.10127,44.45472],[26.10086,44.4547],[26.10083,44.45511],[26.10121,44.45511],[26.10121,44.45557],[26.10118,44.45558],[26.10118,44.45593],[26.10127,44.45594],[26.10131,44.45611],[26.10135,44.45631],[26.10138,44.45648],[26.1015,44.45714],[26.10113,44.45712],[26.1011,44.45759],[26.1011,44.45783],[26.10097,44.45783],[26.10098,44.45804],[26.101,44.45816],[26.10104,44.45845],[26.1008,44.45847],[26.10081,44.45858],[26.10109,44.45856],[26.10136,44.45995],[26.10104,44.45998],[26.10105,44.46007],[26.10143,44.46003],[26.1016,44.46092],[26.10127,44.46095],[26.10127,44.46105],[26.10146,44.46103],[26.10152,44.46133],[26.10149,44.46134],[26.10152,44.46147],[26.1014,44.46149],[26.10141,44.46156],[26.10153,44.46155],[26.1016,44.46188],[26.10146,44.4619],[26.10147,44.46198],[26.10176,44.46195],[26.10183,44.46231],[26.10154,44.46233],[26.10155,44.4624],[26.10185,44.46236],[26.10203,44.46332],[26.10171,44.46335],[26.10176,44.46358],[26.10182,44.46389],[26.10213,44.46386],[26.10219,44.46418],[26.10219,44.46423],[26.10221,44.46432],[26.10246,44.46555],[26.1025,44.46578],[26.10212,44.46582],[26.10218,44.46612],[26.10251,44.46644],[26.10234,44.46647],[26.10236,44.46655],[26.10256,44.46651],[26.10262,44.46687],[26.10246,44.4669],[26.10249,44.46697],[26.10329,44.46683],[26.10344,44.46707],[26.10303,44.46721],[26.10315,44.46737],[26.10273,44.46751],[26.10279,44.4676],[26.10304,44.46751],[26.10313,44.46764],[26.10326,44.46759],[26.10337,44.46776],[26.10298,44.46788],[26.10304,44.46797],[26.10326,44.4679],[26.10346,44.46826],[26.10327,44.46831],[26.10333,44.46839],[26.10352,44.46833],[26.10367,44.46862],[26.10373,44.46871],[26.10358,44.46876],[26.10363,44.46885],[26.10504,44.46844],[26.1052,44.46872],[26.10382,44.46911],[26.10387,44.4692],[26.10407,44.46914],[26.10414,44.46926],[26.10433,44.4692],[26.10447,44.46945],[26.10412,44.46955],[26.10418,44.46965],[26.10452,44.46955],[26.1047,44.4699],[26.10439,44.46999],[26.10444,44.47007],[26.10481,44.46996],[26.10486,44.47005],[26.10521,44.46994],[26.10548,44.4704],[26.10477,44.4706],[26.10481,44.47069],[26.10515,44.47058],[26.10536,44.47093],[26.10529,44.47095],[26.10536,44.47107],[26.1051,44.47115],[26.10513,44.47122],[26.10539,44.47114],[26.10545,44.47126],[26.10554,44.47123],[26.10575,44.47159],[26.10542,44.47169],[26.10546,44.47175],[26.10622,44.47153],[26.10634,44.47172],[26.10598,44.47185],[26.10608,44.47202],[26.10547,44.47206],[26.1055,44.47214],[26.10554,44.47233],[26.10555,44.47258],[26.1055,44.4728],[26.10523,44.47346],[26.10518,44.47356],[26.10508,44.4738],[26.10497,44.474],[26.10474,44.47432],[26.10382,44.47556],[26.10376,44.47564],[26.1038,44.47567],[26.1038,44.47574],[26.10382,44.47587],[26.10419,44.47585],[26.10487,44.47579],[26.10491,44.47614],[26.10459,44.47675],[26.10535,44.47698],[26.10594,44.47714],[26.10542,44.47777],[26.10503,44.47817],[26.10464,44.47851],[26.10398,44.479],[26.1036,44.47927],[26.10331,44.47919],[26.10326,44.47927],[26.10313,44.47923],[26.10317,44.47915],[26.10286,44.47907],[26.10282,44.47915],[26.10273,44.47912],[26.10278,44.47904],[26.10229,44.4789],[26.10175,44.47985],[26.10236,44.48005],[26.10226,44.48016],[26.10226,44.48024],[26.10273,44.48049],[26.10194,44.48109],[26.10184,44.48133],[26.10179,44.4816],[26.10179,44.48172],[26.10167,44.48173],[26.10167,44.48193],[26.10172,44.48228],[26.10182,44.4827],[26.10218,44.48467],[26.10243,44.48613],[26.1027,44.48612],[26.1028,44.486],[26.10271,44.48567],[26.10324,44.48292],[26.10318,44.48292],[26.10362,44.48079],[26.10361,44.48074],[26.10381,44.4807],[26.10297,44.48493],[26.10562,44.48473],[26.10763,44.48294],[26.10769,44.48298],[26.10576,44.48477],[26.1057,44.48487],[26.1057,44.48495],[26.10578,44.48499],[26.10548,44.48758],[26.10682,44.48744],[26.10934,44.48703],[26.1094,44.48725],[26.11075,44.48711],[26.11082,44.48757],[26.11475,44.48712],[26.11484,44.48738],[26.11488,44.48755],[26.11488,44.48762],[26.11474,44.48774],[26.11475,44.48775],[26.11343,44.48873],[26.11331,44.48882],[26.11176,44.48996],[26.11143,44.49027],[26.11095,44.49057],[26.11065,44.49073],[26.11066,44.49141],[26.11178,44.49204],[26.11176,44.49213],[26.11168,44.49228],[26.11124,44.49302],[26.11043,44.49433],[26.10891,44.49681],[26.10881,44.49683],[26.10784,44.4964],[26.10767,44.49666],[26.10749,44.49659],[26.10738,44.49674],[26.10726,44.49686],[26.10721,44.49692],[26.10712,44.49705],[26.10708,44.49711],[26.10701,44.49725],[26.10698,44.49732],[26.10695,44.49743],[26.10686,44.49775],[26.10682,44.49795],[26.1068,44.49798],[26.10675,44.49811],[26.10668,44.49826],[26.10664,44.49833],[26.10655,44.49847],[26.10614,44.49899],[26.10608,44.49909],[26.10604,44.49918],[26.10556,44.50043],[26.10526,44.50032],[26.10473,44.50115],[26.1044,44.50164],[26.10448,44.50168],[26.10455,44.50173],[26.10467,44.50185],[26.10475,44.50197],[26.10479,44.50211],[26.10481,44.50228],[26.10636,44.50259],[26.10633,44.50264],[26.10696,44.50278],[26.10769,44.50295],[26.10915,44.50325],[26.10962,44.50332],[26.10976,44.50336],[26.10916,44.50484],[26.10874,44.50592],[26.10726,44.50563],[26.10624,44.5054],[26.10515,44.50515],[26.10408,44.50494],[26.10358,44.50635],[26.10309,44.50774],[26.10287,44.50878],[26.10286,44.50896],[26.10285,44.50958],[26.10296,44.51026],[26.10313,44.51091],[26.10337,44.51199],[26.10352,44.51257],[26.10369,44.51326],[26.10374,44.51352],[26.10408,44.51523],[26.10428,44.51522],[26.10441,44.51539],[26.10426,44.51553],[26.10426,44.51555],[26.10425,44.51555],[26.10434,44.516],[26.10437,44.51613],[26.10446,44.51664],[26.10492,44.51663],[26.10483,44.51558],[26.10554,44.51554],[26.10576,44.51758],[26.10616,44.51757],[26.10623,44.51841],[26.10496,44.51857],[26.10497,44.519],[26.10473,44.51934],[26.10454,44.51964],[26.10437,44.51984],[26.10445,44.52016],[26.10456,44.52107],[26.10483,44.52299],[26.10491,44.52438],[26.10502,44.52641],[26.10497,44.5265],[26.10397,44.52826],[26.1033,44.52943],[26.10328,44.52953],[26.10326,44.52978],[26.10327,44.53069],[26.10331,44.53116],[26.10353,44.53267],[26.10372,44.53401],[26.104,44.53627],[26.10435,44.53909],[26.10439,44.53922],[26.10448,44.53954],[26.10437,44.53955],[26.10185,44.5396],[26.10184,44.5401],[26.10179,44.54069],[26.10089,44.54066],[26.10074,44.5414],[26.09775,44.54123],[26.09774,44.54047],[26.09667,44.54042],[26.0969,44.53923],[26.09238,44.53882],[26.09114,44.53871],[26.09003,44.53859],[26.08835,44.53839],[26.08808,44.53837],[26.08796,44.53836],[26.0876,44.53835],[26.08736,44.53835],[26.08685,44.53837],[26.08659,44.53837],[26.0864,44.53837],[26.08604,44.53836],[26.08589,44.53836],[26.08556,44.53833],[26.08517,44.53829],[26.0849,44.53826],[26.08396,44.53812],[26.08382,44.5382],[26.08379,44.53823],[26.08372,44.53823],[26.08364,44.53822],[26.08365,44.53814],[26.08364,44.53811],[26.08362,44.53809],[26.08311,44.538],[26.08298,44.53807],[26.08294,44.53802],[26.08293,44.53799],[26.08291,44.53798],[26.08287,44.53797],[26.0826,44.53793],[26.08257,44.53793],[26.08246,44.53797],[26.08239,44.53796],[26.08235,44.53791],[26.08232,44.53789],[26.08229,44.53787],[26.08211,44.53784],[26.08168,44.53775],[26.08151,44.53771],[26.08144,44.5377],[26.08076,44.53753],[26.08077,44.53751],[26.08045,44.53744],[26.08023,44.53741],[26.07939,44.53731],[26.07939,44.53733],[26.07883,44.53726],[26.0777,44.53712],[26.0776,44.53777],[26.07744,44.53909],[26.0774,44.5393],[26.0767,44.54073],[26.07626,44.541],[26.07364,44.54109],[26.07303,44.54138],[26.07185,44.54061],[26.07172,44.54055],[26.07054,44.54],[26.07005,44.53977],[26.06928,44.53937],[26.06923,44.53927],[26.06891,44.53874],[26.06879,44.53833],[26.06878,44.53532],[26.06879,44.53496],[26.0686,44.53485],[26.05827,44.53211],[26.05799,44.53204],[26.05789,44.53201],[26.05017,44.53008],[26.04949,44.53132],[26.04875,44.53102],[26.04875,44.53091],[26.04922,44.52982],[26.04826,44.52953],[26.0476,44.52929],[26.03964,44.52608],[26.03353,44.52355],[26.03172,44.5253],[26.02975,44.52719],[26.02931,44.52769],[26.02714,44.52696],[26.02402,44.52591],[26.0239,44.52576],[26.02379,44.52558],[26.02367,44.52534],[26.02348,44.52501],[26.02332,44.52474],[26.0231,44.52436],[26.02259,44.52357],[26.02247,44.52299],[26.02297,44.52217],[26.02381,44.52129],[26.02418,44.52083],[26.02429,44.52069],[26.02438,44.52068],[26.02436,44.52062],[26.02463,44.52026],[26.02491,44.52039],[26.02518,44.52019],[26.02527,44.52014],[26.02535,44.52014],[26.02291,44.51915],[26.02073,44.51833],[26.01972,44.5179],[26.01612,44.51643],[26.01567,44.51627],[26.01516,44.51607],[26.0151,44.51605],[26.01502,44.51604],[26.01492,44.51605],[26.01432,44.51578],[26.01288,44.51517],[26.01287,44.51518],[26.012,44.516],[26.01123,44.5156],[26.01122,44.51561],[26.0107,44.516],[26.00858,44.51481],[26.00878,44.51456],[26.00888,44.51445],[26.0089,44.51413],[26.00888,44.5141],[26.00849,44.51382],[26.00848,44.51381],[26.00847,44.51378],[26.00847,44.51376],[26.0088,44.51349],[26.00883,44.51332],[26.00887,44.51325],[26.00891,44.51319],[26.00937,44.51283],[26.00952,44.51272],[26.00932,44.51251],[26.0091,44.51211],[26.00868,44.51166],[26.00881,44.51134],[26.00884,44.51078],[26.00873,44.51026],[26.00844,44.50853],[26.00825,44.50763],[26.00781,44.50538],[26.00736,44.50307],[26.00691,44.50065],[26.00667,44.50069],[26.00665,44.50063],[26.00678,44.50055],[26.00684,44.50043],[26.0069,44.50039],[26.00685,44.50012],[26.00658,44.50001],[26.00658,44.49987],[26.00651,44.49986],[26.00645,44.4997],[26.00604,44.49956],[26.0047,44.49935],[26.00336,44.49898],[26.00332,44.49897],[26.00245,44.49884],[26.00133,44.49885],[26.00057,44.49897],[25.99986,44.49928],[25.99933,44.49924],[25.99899,44.49907],[25.99857,44.49904],[25.99856,44.49901],[25.99843,44.49887],[25.99736,44.49812],[25.99659,44.49766],[25.9959,44.49715],[25.99578,44.49703],[25.99574,44.49693],[25.99554,44.49664],[25.99544,44.49649],[25.99541,44.49642],[25.9954,44.49641],[25.99539,44.49635],[25.99529,44.49613],[25.99514,44.49606],[25.99482,44.49587],[25.99376,44.49649],[25.99341,44.49628],[25.9934,44.49629],[25.9934,44.4963],[25.99332,44.49643],[25.99326,44.4965],[25.99309,44.49667],[25.99307,44.49669],[25.99304,44.49672],[25.99276,44.49692],[25.99245,44.49711],[25.99228,44.49722],[25.99219,44.49727],[25.99193,44.49744],[25.99179,44.49754],[25.99163,44.49764],[25.99152,44.49772],[25.99136,44.49782],[25.99133,44.49785],[25.99072,44.4982],[25.9904,44.49839],[25.99035,44.49841],[25.99032,44.49843],[25.98819,44.4994],[25.98816,44.49942],[25.98813,44.49943],[25.98795,44.49952],[25.98773,44.49964],[25.98681,44.49893],[25.98679,44.49893],[25.9867,44.4989],[25.98664,44.49888],[25.98565,44.49864],[25.98557,44.49862],[25.98429,44.49832],[25.98427,44.49831],[25.98425,44.49831],[25.98415,44.49829],[25.98404,44.49827],[25.98401,44.49827],[25.98398,44.49825],[25.98369,44.49817],[25.9834,44.49808],[25.9833,44.49805],[25.98328,44.49804],[25.98328,44.49802],[25.98325,44.498],[25.9832,44.49785],[25.98319,44.4978],[25.98318,44.49778],[25.98319,44.49777],[25.98309,44.49748],[25.98309,44.49746],[25.98304,44.49729],[25.98303,44.49727],[25.98301,44.49717],[25.98298,44.4971],[25.98298,44.49708],[25.98297,44.49707],[25.98297,44.49705],[25.98296,44.49702],[25.98348,44.49686],[25.98358,44.49684],[25.98433,44.4966],[25.98427,44.49648],[25.98409,44.49621],[25.98401,44.49607],[25.98392,44.49592],[25.98382,44.49572],[25.98374,44.49556],[25.98372,44.49542],[25.98365,44.49531],[25.98361,44.49521],[25.98363,44.49517],[25.98364,44.49511],[25.98363,44.49508],[25.9836,44.49504],[25.98457,44.49436],[25.98617,44.49327],[25.98648,44.49306],[25.98676,44.49292],[25.98745,44.49275],[25.98777,44.49268],[25.98789,44.49269],[25.98796,44.4927],[25.98743,44.4923],[25.98612,44.49141],[25.98619,44.49137],[25.98668,44.49168],[25.98698,44.49186],[25.9872,44.49199],[25.98725,44.492],[25.9874,44.49199],[25.98743,44.49199],[25.98747,44.49201],[25.98752,44.49205],[25.98759,44.49213],[25.98785,44.49211],[25.98754,44.49164],[25.9871,44.49093],[25.98658,44.48987],[25.9859,44.48814],[25.98516,44.4863],[25.98473,44.48526],[25.98446,44.48451],[25.98426,44.48394],[25.98399,44.48332],[25.98389,44.4831],[25.98361,44.48257],[25.98332,44.48213],[25.9826,44.48124],[25.98215,44.48068],[25.98188,44.48028],[25.98164,44.47995],[25.98135,44.47942],[25.98107,44.47887],[25.98079,44.47804],[25.9807,44.47805],[25.98042,44.47695],[25.98033,44.47533],[25.98026,44.47214],[25.98025,44.47199],[25.9802,44.47183],[25.98015,44.47165],[25.98007,44.4714],[25.97985,44.47075],[25.97962,44.47044]]]}},{"type":"Feature","properties":{"sector":2,"name":"Sectorul 2"},"geometry":{"type":"Polygon","coordinates":[[[26.11484,44.48738],[26.11475,44.48712],[26.11082,44.48757],[26.11075,44.48711],[26.1094,44.48725],[26.10934,44.48703],[26.10682,44.48744],[26.10548,44.48758],[26.10578,44.48499],[26.1057,44.48495],[26.1057,44.48487],[26.10576,44.48477],[26.10769,44.48298],[26.10763,44.48294],[26.10562,44.48473],[26.10297,44.48493],[26.10381,44.4807],[26.10361,44.48074],[26.10362,44.48079],[26.10318,44.48292],[26.10324,44.48292],[26.10271,44.48567],[26.1028,44.486],[26.1027,44.48612],[26.10243,44.48613],[26.10218,44.48467],[26.10182,44.4827],[26.10172,44.48228],[26.10167,44.48193],[26.10167,44.48173],[26.10179,44.48172],[26.10179,44.4816],[26.10184,44.48133],[26.10194,44.48109],[26.10273,44.48049],[26.10226,44.48024],[26.10226,44.48016],[26.10236,44.48005],[26.10175,44.47985],[26.10229,44.4789],[26.10278,44.47904],[26.10273,44.47912],[26.10282,44.47915],[26.10286,44.47907],[26.10317,44.47915],[26.10313,44.47923],[26.10326,44.47927],[26.10331,44.47919],[26.1036,44.47927],[26.10398,44.479],[26.10464,44.47851],[26.10503,44.47817],[26.10542,44.47777],[26.10594,44.47714],[26.10535,44.47698],[26.10459,44.47675],[26.10491,44.47614],[26.10487,44.47579],[26.10419,44.47585],[26.10382,44.47587],[26.1038,44.47574],[26.1038,44.47567],[26.10376,44.47564],[26.10382,44.47556],[26.10474,44.47432],[26.10497,44.474],[26.10508,44.4738],[26.10518,44.47356],[26.10523,44.47346],[26.1055,44.4728],[26.10555,44.47258],[26.10554,44.47233],[26.1055,44.47214],[26.10547,44.47206],[26.10608,44.47202],[26.10598,44.47185],[26.10634,44.47172],[26.10622,44.47153],[26.10546,44.47175],[26.10542,44.47169],[26.10575,44.47159],[26.10554,44.47123],[26.10545,44.47126],[26.10539,44.47114],[26.10513,44.47122],[26.1051,44.47115],[26.10536,44.47107],[26.10529,44.47095],[26.10536,44.47093],[26.10515,44.47058],[26.10481,44.47069],[26.10477,44.4706],[26.10548,44.4704],[26.10521,44.46994],[26.10486,44.47005],[26.10481,44.46996],[26.10444,44.47007],[26.10439,44.46999],[26.1047,44.4699],[26.10452,44.46955],[26.10418,44.46965],[26.10412,44.46955],[26.10447,44.46945],[26.10433,44.4692],[26.10414,44.46926],[26.10407,44.46914],[26.10387,44.4692],[26.10382,44.46911],[26.1052,44.46872],[26.10504,44.46844],[26.10363,44.46885],[26.10358,44.46876],[26.10373,44.46871],[26.10367,44.46862],[26.10352,44.46833],[26.10333,44.46839],[26.10327,44.46831],[26.10346,44.46826],[26.10326,44.4679],[26.10304,44.46797],[26.10298,44.46788],[26.10337,44.46776],[26.10326,44.46759],[26.10313,44.46764],[26.10304,44.46751],[26.10279,44.4676],[26.10273,44.46751],[26.10315,44.46737],[26.10303,44.46721],[26.10344,44.46707],[26.10329,44.46683],[26.10249,44.46697],[26.10246,44.4669],[26.10262,44.46687],[26.10256,44.46651],[26.10236,44.46655],[26.10234,44.46647],[26.10251,44.46644],[26.10218,44.46612],[26.10212,44.46582],[26.1025,44.46578],[26.10246,44.46555],[26.10221,44.46432],[26.10219,44.46423],[26.10219,44.46418],[26.10213,44.46386],[26.10182,44.46389],[26.10176,44.46358],[26.10171,44.46335],[26.10203,44.46332],[26.10185,44.46236],[26.10155,44.4624],[26.10154,44.46233],[26.10183,44.46231],[26.10176,44.46195],[26.10147,44.46198],[26.10146,44.4619],[26.1016,44.46188],[26.10153,44.46155],[26.10141,44.46156],[26.1014,44.46149],[26.10152,44.46147],[26.10149,44.46134],[26.10152,44.46133],[26.10146,44.46103],[26.10127,44.46105],[26.10127,44.46095],[26.1016,44.46092],[26.10143,44.46003],[26.10105,44.46007],[26.10104,44.45998],[26.10136,44.45995],[26.10109,44.45856],[26.10081,44.45858],[26.1008,44.45847],[26.10104,44.45845],[26.101,44.45816],[26.10098,44.45804],[26.10097,44.45783],[26.1011,44.45783],[26.1011,44.45759],[26.10113,44.45712],[26.1015,44.45714],[26.10138,44.45648],[26.10135,44.45631],[26.10131,44.45611],[26.10127,44.45594],[26.10118,44.45593],[26.10118,44.45558],[26.10121,44.45557],[26.10121,44.45511],[26.10083,44.45511],[26.10086,44.4547],[26.10127,44.45472],[26.10131,44.45458],[26.10133,44.45458],[26.10136,44.45449],[26.10144,44.45435],[26.10147,44.45431],[26.10152,44.45425],[26.10172,44.45408],[26.10193,44.45391],[26.10197,44.4539],[26.10221,44.45385],[26.10226,44.45355],[26.10226,44.4535],[26.10103,44.4535],[26.10102,44.45325],[26.10118,44.45325],[26.10118,44.45319],[26.10144,44.45319],[26.10143,44.45284],[26.10128,44.45281],[26.10118,44.45275],[26.10113,44.45272],[26.1011,44.45266],[26.10114,44.45252],[26.10152,44.45258],[26.10162,44.45233],[26.10169,44.45192],[26.10169,44.45171],[26.10171,44.45162],[26.10149,44.4516],[26.10144,44.45157],[26.10151,44.45137],[26.10235,44.45152],[26.10239,44.45141],[26.10254,44.45144],[26.1026,44.45127],[26.10267,44.45111],[26.10308,44.4512],[26.10311,44.45109],[26.10318,44.45086],[26.10335,44.45087],[26.10338,44.45069],[26.10339,44.45033],[26.10331,44.45032],[26.10332,44.45013],[26.10365,44.45015],[26.1037,44.44982],[26.10383,44.44983],[26.10383,44.44982],[26.10399,44.44984],[26.10402,44.44966],[26.10408,44.44945],[26.10363,44.44943],[26.10338,44.44942],[26.10319,44.44941],[26.10286,44.4494],[26.1029,44.44917],[26.1034,44.44918],[26.10366,44.44915],[26.10363,44.44904],[26.104,44.44899],[26.10411,44.44898],[26.10409,44.44886],[26.10397,44.44887],[26.10396,44.44881],[26.10396,44.44872],[26.10352,44.44874],[26.10349,44.44859],[26.10347,44.44848],[26.10348,44.44837],[26.1034,44.44837],[26.10342,44.44814],[26.10329,44.44812],[26.10329,44.448],[26.10336,44.448],[26.10338,44.44786],[26.10342,44.44773],[26.10322,44.4477],[26.10325,44.4476],[26.10331,44.44761],[26.10336,44.4474],[26.1035,44.44741],[26.10353,44.44727],[26.10329,44.44724],[26.10331,44.44714],[26.10337,44.44711],[26.10339,44.44701],[26.10364,44.44704],[26.10367,44.44691],[26.10374,44.44691],[26.10375,44.44684],[26.10391,44.44684],[26.1039,44.44676],[26.10371,44.44678],[26.10368,44.44658],[26.10349,44.44659],[26.10353,44.44641],[26.10421,44.44635],[26.10417,44.44608],[26.10419,44.44585],[26.10428,44.44541],[26.10423,44.44518],[26.1038,44.44513],[26.10386,44.4449],[26.10357,44.44488],[26.10357,44.4446],[26.10338,44.44465],[26.10324,44.44467],[26.10318,44.44478],[26.10296,44.44476],[26.10298,44.44463],[26.10299,44.44456],[26.10296,44.4445],[26.10331,44.44439],[26.10322,44.4443],[26.10327,44.44413],[26.10342,44.44408],[26.10327,44.44385],[26.10342,44.4438],[26.10331,44.44349],[26.10337,44.44348],[26.10317,44.44302],[26.10281,44.44311],[26.103,44.4429],[26.10277,44.44288],[26.10246,44.44287],[26.10247,44.44275],[26.10211,44.4427],[26.1021,44.44269],[26.10202,44.44266],[26.10203,44.44265],[26.10202,44.44265],[26.10196,44.44264],[26.10198,44.44257],[26.10198,44.44253],[26.10134,44.44244],[26.10136,44.44227],[26.10115,44.44224],[26.10117,44.44208],[26.10125,44.44208],[26.10128,44.44192],[26.10135,44.44193],[26.10136,44.44187],[26.1013,44.44187],[26.10133,44.44166],[26.10145,44.44166],[26.10155,44.44134],[26.1016,44.44135],[26.10164,44.44124],[26.10131,44.44114],[26.10121,44.44132],[26.10078,44.44132],[26.10078,44.44098],[26.1008,44.44096],[26.10095,44.44101],[26.101,44.44091],[26.10105,44.44081],[26.10113,44.44064],[26.1011,44.44064],[26.10097,44.44061],[26.10093,44.44064],[26.1009,44.44069],[26.10069,44.44064],[26.10079,44.44042],[26.10083,44.44042],[26.10098,44.44042],[26.10099,44.44013],[26.10071,44.44011],[26.10071,44.44003],[26.10075,44.44003],[26.10075,44.43996],[26.10074,44.43988],[26.10076,44.43985],[26.10081,44.43978],[26.10083,44.43976],[26.1009,44.43962],[26.1009,44.43958],[26.1011,44.43962],[26.1012,44.43963],[26.10127,44.43965],[26.10132,44.43966],[26.10141,44.43938],[26.10147,44.4392],[26.10145,44.43919],[26.10141,44.43919],[26.10141,44.43918],[26.10131,44.4392],[26.10124,44.4392],[26.1012,44.43906],[26.10117,44.43906],[26.10116,44.43907],[26.10114,44.43906],[26.10117,44.43901],[26.10109,44.43902],[26.10106,44.43896],[26.10099,44.43896],[26.10102,44.4389],[26.10107,44.43891],[26.10111,44.43891],[26.10116,44.43891],[26.10119,44.4389],[26.10125,44.43888],[26.10126,44.43888],[26.10116,44.43873],[26.10127,44.43869],[26.10125,44.43865],[26.10128,44.43864],[26.10128,44.43863],[26.10123,44.4386],[26.10119,44.43856],[26.10116,44.43852],[26.10116,44.43847],[26.10117,44.43842],[26.1012,44.43842],[26.10135,44.43845],[26.10159,44.43855],[26.10172,44.4386],[26.10195,44.43827],[26.10209,44.43801],[26.10186,44.43794],[26.10166,44.43792],[26.10145,44.43788],[26.10145,44.43787],[26.10157,44.43762],[26.10166,44.43765],[26.10183,44.43747],[26.10281,44.43774],[26.10273,44.43785],[26.10316,44.43804],[26.10326,44.43788],[26.10394,44.43804],[26.104,44.43792],[26.10405,44.43791],[26.10417,44.43766],[26.10419,44.43754],[26.10427,44.43744],[26.10436,44.43737],[26.10438,44.43734],[26.1044,44.43734],[26.10441,44.43731],[26.10449,44.43729],[26.10447,44.43726],[26.10464,44.4372],[26.10488,44.43709],[26.10484,44.43705],[26.10491,44.437],[26.10468,44.43682],[26.10474,44.43669],[26.10482,44.43653],[26.10454,44.43645],[26.10425,44.43635],[26.10416,44.43631],[26.10385,44.43603],[26.1038,44.43606],[26.10376,44.43601],[26.10375,44.43594],[26.10376,44.43589],[26.10392,44.43588],[26.10514,44.43611],[26.10574,44.43622],[26.10594,44.43609],[26.1061,44.43591],[26.10621,44.43593],[26.10643,44.43597],[26.10646,44.43588],[26.10648,44.43582],[26.10656,44.43568],[26.1066,44.43569],[26.10667,44.43558],[26.10666,44.43558],[26.10668,44.43555],[26.10667,44.43555],[26.10668,44.43554],[26.10672,44.43556],[26.10677,44.4355],[26.10653,44.4354],[26.10691,44.43498],[26.107,44.43487],[26.10714,44.43493],[26.10723,44.43498],[26.10732,44.43488],[26.10731,44.43487],[26.10734,44.43483],[26.10757,44.43459],[26.10756,44.43456],[26.10772,44.43453],[26.10763,44.43435],[26.10787,44.43413],[26.1081,44.43402],[26.10814,44.43397],[26.10836,44.43378],[26.10861,44.43367],[26.10882,44.43375],[26.10863,44.43406],[26.10929,44.43435],[26.10952,44.43417],[26.10966,44.43427],[26.10953,44.43444],[26.10956,44.43445],[26.10965,44.43433],[26.1098,44.4344],[26.11005,44.43446],[26.11011,44.43458],[26.11012,44.43459],[26.11014,44.43457],[26.1102,44.4346],[26.1102,44.43461],[26.11025,44.43462],[26.11026,44.43461],[26.11027,44.43461],[26.11035,44.43448],[26.1104,44.43442],[26.11061,44.43451],[26.11061,44.43452],[26.11071,44.43456],[26.11071,44.43457],[26.11085,44.43463],[26.11085,44.43462],[26.11089,44.43464],[26.11094,44.43466],[26.11096,44.43468],[26.11097,44.43467],[26.11104,44.43472],[26.11115,44.43477],[26.11121,44.4348],[26.11119,44.43482],[26.11139,44.43488],[26.11155,44.43487],[26.11162,44.43491],[26.11187,44.43467],[26.11189,44.4347],[26.11209,44.43482],[26.11215,44.43488],[26.11228,44.43485],[26.1123,44.43488],[26.11265,44.43486],[26.11275,44.43483],[26.11297,44.43475],[26.11284,44.43454],[26.11269,44.43442],[26.11276,44.43437],[26.11303,44.43451],[26.1132,44.43467],[26.11344,44.43449],[26.11323,44.43436],[26.11332,44.43426],[26.11362,44.43437],[26.11395,44.43412],[26.11402,44.43405],[26.11387,44.43397],[26.11397,44.43388],[26.11385,44.43382],[26.11392,44.43375],[26.11392,44.43367],[26.11395,44.43363],[26.11408,44.43366],[26.11418,44.43368],[26.11426,44.43371],[26.11434,44.43344],[26.11432,44.43344],[26.11433,44.43338],[26.11435,44.43338],[26.11436,44.4333],[26.11456,44.43333],[26.11458,44.43316],[26.11513,44.43322],[26.11511,44.43341],[26.11509,44.43348],[26.11504,44.43372],[26.115,44.43384],[26.11522,44.43392],[26.1153,44.43373],[26.11532,44.43363],[26.11534,44.43359],[26.1154,44.4336],[26.1159,44.43361],[26.11656,44.43363],[26.11665,44.43363],[26.1168,44.43364],[26.11679,44.43364],[26.117,44.43365],[26.11699,44.43367],[26.11709,44.43367],[26.11711,44.43351],[26.11733,44.43351],[26.11739,44.43351],[26.11744,44.43351],[26.11743,44.43382],[26.11742,44.43391],[26.11755,44.43393],[26.11771,44.43399],[26.11786,44.43407],[26.11795,44.43411],[26.11783,44.43374],[26.11781,44.4337],[26.11783,44.43364],[26.11787,44.43361],[26.11781,44.4334],[26.11796,44.43338],[26.11798,44.43345],[26.11807,44.43343],[26.11812,44.43343],[26.11813,44.43339],[26.11819,44.4334],[26.11819,44.43337],[26.11835,44.43336],[26.11842,44.43354],[26.11845,44.43367],[26.11861,44.43368],[26.11855,44.43347],[26.11867,44.43345],[26.11869,44.43353],[26.11885,44.43352],[26.11887,44.43348],[26.11897,44.43347],[26.11897,44.43344],[26.11939,44.43341],[26.11952,44.43338],[26.11963,44.43337],[26.11965,44.43348],[26.11977,44.43347],[26.11976,44.43342],[26.11987,44.43341],[26.11986,44.43336],[26.12009,44.43335],[26.12015,44.43371],[26.12038,44.43366],[26.12043,44.43362],[26.1205,44.43362],[26.1205,44.4336],[26.12078,44.43358],[26.12077,44.43355],[26.12079,44.43354],[26.12072,44.43317],[26.1213,44.43305],[26.12131,44.43312],[26.12133,44.43319],[26.12135,44.43332],[26.12135,44.43334],[26.1217,44.43334],[26.12174,44.43334],[26.12174,44.43337],[26.12182,44.43339],[26.12181,44.43307],[26.12197,44.43306],[26.12196,44.43319],[26.1221,44.4332],[26.1221,44.43304],[26.12222,44.43303],[26.12223,44.43313],[26.12231,44.43313],[26.12231,44.43326],[26.1224,44.43326],[26.12237,44.43334],[26.12245,44.43336],[26.1225,44.43342],[26.12269,44.43348],[26.12272,44.43345],[26.12294,44.43352],[26.12286,44.43371],[26.12314,44.43378],[26.12342,44.43389],[26.12351,44.43376],[26.12361,44.43358],[26.12378,44.43332],[26.12392,44.43306],[26.12412,44.43303],[26.12487,44.43312],[26.12486,44.43307],[26.12489,44.43286],[26.12488,44.43283],[26.12487,44.43273],[26.12499,44.43272],[26.12502,44.43282],[26.12508,44.43281],[26.12509,44.43282],[26.12517,44.43281],[26.12516,44.43274],[26.12532,44.43272],[26.12537,44.43276],[26.12554,44.43277],[26.12579,44.43255],[26.12602,44.43256],[26.12604,44.43259],[26.12603,44.43267],[26.12618,44.43268],[26.12658,44.43271],[26.12659,44.43265],[26.1268,44.43269],[26.12692,44.43269],[26.12688,44.43281],[26.12706,44.43284],[26.12707,44.4328],[26.12718,44.43277],[26.12748,44.4328],[26.12745,44.43294],[26.12767,44.43298],[26.12796,44.43301],[26.12794,44.43243],[26.12833,44.43236],[26.12891,44.43229],[26.12897,44.43233],[26.12911,44.43238],[26.12922,44.43227],[26.13008,44.43224],[26.13019,44.43213],[26.1305,44.43213],[26.13053,44.43221],[26.13067,44.43221],[26.13079,44.43215],[26.13107,44.43212],[26.13103,44.43203],[26.13116,44.43201],[26.13118,44.43209],[26.1315,44.43208],[26.13167,44.43207],[26.13177,44.43205],[26.13186,44.43196],[26.13195,44.43189],[26.13204,44.43184],[26.13238,44.43188],[26.13261,44.43195],[26.13282,44.43196],[26.13314,44.43202],[26.13391,44.43201],[26.1344,44.43204],[26.13484,44.43207],[26.13486,44.43202],[26.13504,44.43208],[26.13605,44.4324],[26.13614,44.43227],[26.13615,44.43227],[26.13616,44.4323],[26.13613,44.43236],[26.13617,44.43238],[26.13625,44.43226],[26.1366,44.43238],[26.13665,44.43229],[26.13672,44.43203],[26.13696,44.43208],[26.13691,44.43222],[26.13706,44.43224],[26.13729,44.43228],[26.13726,44.43236],[26.13794,44.43247],[26.13815,44.43253],[26.13839,44.43194],[26.13898,44.43206],[26.14016,44.43225],[26.14046,44.43227],[26.14052,44.43186],[26.1408,44.43165],[26.14118,44.43168],[26.14115,44.43196],[26.14126,44.43196],[26.14127,44.43191],[26.14264,44.43202],[26.14269,44.4317],[26.14372,44.43179],[26.1446,44.43187],[26.14461,44.43183],[26.1446,44.43181],[26.14479,44.43184],[26.14489,44.43189],[26.14495,44.43191],[26.14497,44.43191],[26.14492,44.43217],[26.14514,44.43219],[26.14513,44.43227],[26.14512,44.43227],[26.1451,44.43238],[26.14537,44.4324],[26.14534,44.43257],[26.14543,44.43258],[26.14546,44.43238],[26.14552,44.43229],[26.14561,44.43229],[26.14567,44.43194],[26.14668,44.43203],[26.14695,44.43204],[26.14723,44.43209],[26.1472,44.43219],[26.14726,44.43221],[26.14725,44.43222],[26.14732,44.43223],[26.14737,44.43205],[26.14808,44.43211],[26.14896,44.43222],[26.14919,44.43218],[26.14933,44.43214],[26.15054,44.43224],[26.15222,44.43238],[26.15307,44.43247],[26.15333,44.43251],[26.15373,44.43255],[26.15373,44.4326],[26.15371,44.43266],[26.15408,44.43272],[26.15411,44.43262],[26.15473,44.43273],[26.15469,44.43283],[26.15475,44.43286],[26.15486,44.43288],[26.15493,44.43288],[26.15486,44.43311],[26.15487,44.43313],[26.15489,44.43315],[26.15515,44.4332],[26.15518,44.43318],[26.15521,44.43315],[26.15528,44.43293],[26.15536,44.43295],[26.15548,44.43298],[26.15541,44.43318],[26.1557,44.43323],[26.15596,44.43329],[26.15594,44.43337],[26.15612,44.43341],[26.15673,44.43353],[26.15697,44.43358],[26.15749,44.43374],[26.15793,44.43385],[26.15829,44.43391],[26.15856,44.43396],[26.15848,44.4342],[26.15844,44.43437],[26.15862,44.4344],[26.15875,44.43444],[26.15881,44.43426],[26.15894,44.43428],[26.1591,44.43431],[26.15925,44.43428],[26.15934,44.43398],[26.15946,44.434],[26.15944,44.43405],[26.15956,44.43407],[26.15953,44.43421],[26.15955,44.43425],[26.15956,44.43427],[26.15953,44.43444],[26.15962,44.43447],[26.15978,44.43449],[26.15971,44.43469],[26.1603,44.43487],[26.16046,44.43439],[26.16053,44.43441],[26.16061,44.43442],[26.16071,44.43443],[26.16072,44.4344],[26.16084,44.43442],[26.16086,44.43435],[26.16197,44.43459],[26.16204,44.43435],[26.16283,44.4345],[26.16282,44.43457],[26.16315,44.43462],[26.16421,44.43483],[26.16437,44.43488],[26.16436,44.43493],[26.16441,44.43494],[26.16469,44.43499],[26.16494,44.43495],[26.16569,44.43508],[26.16577,44.4351],[26.16576,44.43518],[26.16581,44.43524],[26.16712,44.43549],[26.16727,44.4355],[26.16735,44.43547],[26.16748,44.43513],[26.16792,44.43521],[26.16785,44.43541],[26.16756,44.43621],[26.16784,44.43627],[26.1678,44.43636],[26.16773,44.43655],[26.16764,44.43678],[26.16821,44.43689],[26.16968,44.4372],[26.16966,44.43715],[26.16991,44.43713],[26.17072,44.43693],[26.17119,44.43685],[26.17126,44.4372],[26.17195,44.43706],[26.17235,44.43694],[26.17266,44.43689],[26.17362,44.43668],[26.17392,44.43662],[26.17403,44.43688],[26.17459,44.43676],[26.17462,44.43702],[26.17496,44.43698],[26.17519,44.43703],[26.17542,44.43693],[26.17602,44.43675],[26.17612,44.43664],[26.17627,44.4367],[26.17648,44.43675],[26.17677,44.43662],[26.17717,44.43638],[26.17761,44.43628],[26.17772,44.43626],[26.17788,44.43632],[26.17805,44.43649],[26.17817,44.43656],[26.17831,44.43665],[26.17855,44.43667],[26.17922,44.43677],[26.17957,44.43669],[26.17961,44.43679],[26.17966,44.43692],[26.1797,44.43711],[26.17971,44.43716],[26.17978,44.43725],[26.17966,44.43775],[26.18093,44.43796],[26.18111,44.43751],[26.18083,44.43703],[26.18086,44.43701],[26.18088,44.437],[26.18088,44.43698],[26.18087,44.43697],[26.18088,44.43694],[26.18095,44.43681],[26.18103,44.43663],[26.18145,44.43654],[26.18164,44.4365],[26.18194,44.43644],[26.18198,44.43638],[26.18197,44.43634],[26.18193,44.43628],[26.18194,44.43623],[26.18192,44.43611],[26.18187,44.43598],[26.18179,44.43585],[26.18174,44.43577],[26.18171,44.43572],[26.18168,44.43569],[26.18187,44.43561],[26.18198,44.43576],[26.18206,44.43595],[26.1821,44.43594],[26.18217,44.43607],[26.18253,44.43599],[26.18266,44.43634],[26.1827,44.43635],[26.18299,44.43644],[26.18301,44.43646],[26.18322,44.43693],[26.18318,44.43692],[26.18317,44.43701],[26.18315,44.43711],[26.18318,44.43713],[26.18355,44.43723],[26.18351,44.43732],[26.18446,44.43756],[26.18453,44.43759],[26.18462,44.43735],[26.18471,44.43716],[26.18544,44.43521],[26.18577,44.43569],[26.18583,44.43569],[26.18709,44.43677],[26.18781,44.43776],[26.18985,44.43841],[26.19025,44.4389],[26.19019,44.43892],[26.19035,44.43911],[26.19072,44.43937],[26.19087,44.43944],[26.19081,44.43948],[26.19103,44.43967],[26.19142,44.43948],[26.1922,44.44037],[26.19255,44.44078],[26.19293,44.44127],[26.19399,44.44148],[26.19489,44.44167],[26.1958,44.44185],[26.19649,44.44209],[26.19719,44.44239],[26.19754,44.44255],[26.19745,44.44273],[26.19602,44.44557],[26.19585,44.44575],[26.19553,44.44604],[26.19488,44.44642],[26.19405,44.44673],[26.19311,44.44685],[26.19217,44.44684],[26.19151,44.4466],[26.19084,44.4461],[26.18996,44.44503],[26.18892,44.44427],[26.18827,44.4439],[26.18779,44.44381],[26.18742,44.44384],[26.18702,44.44395],[26.18601,44.44443],[26.18438,44.44521],[26.18387,44.44538],[26.18366,44.44512],[26.18362,44.44504],[26.18359,44.44507],[26.18275,44.44535],[26.18289,44.4457],[26.18225,44.44591],[26.18168,44.44599],[26.18115,44.44602],[26.18071,44.44594],[26.17986,44.44557],[26.1789,44.44505],[26.17725,44.44433],[26.1767,44.44428],[26.17627,44.44428],[26.17581,44.44439],[26.17522,44.44461],[26.17472,44.44498],[26.17445,44.44536],[26.17435,44.44599],[26.17454,44.44687],[26.17546,44.44788],[26.17679,44.4491],[26.17723,44.44976],[26.17721,44.45005],[26.17707,44.45048],[26.1773,44.45124],[26.17771,44.45222],[26.17773,44.45297],[26.17745,44.45355],[26.1768,44.45388],[26.1761,44.45395],[26.17525,44.45387],[26.17442,44.45361],[26.17122,44.45167],[26.16972,44.45079],[26.1694,44.4507],[26.16911,44.45072],[26.16862,44.45098],[26.16707,44.45237],[26.16653,44.45292],[26.1657,44.45315],[26.16421,44.45325],[26.16421,44.45336],[26.16391,44.45336],[26.16374,44.45336],[26.16374,44.45348],[26.16332,44.45349],[26.16331,44.4533],[26.16331,44.45309],[26.16247,44.4531],[26.16176,44.45332],[26.16079,44.45413],[26.16044,44.45417],[26.1592,44.45403],[26.15912,44.45405],[26.15908,44.45406],[26.15914,44.45446],[26.1586,44.45444],[26.15853,44.45423],[26.15853,44.45422],[26.1572,44.45451],[26.15651,44.45478],[26.15628,44.45499],[26.15597,44.45545],[26.1591,44.45922],[26.1608,44.46132],[26.16365,44.46471],[26.16413,44.46523],[26.16562,44.46649],[26.1704,44.47055],[26.1736,44.47325],[26.17445,44.47398],[26.17611,44.4754],[26.17744,44.4765],[26.17873,44.47757],[26.17941,44.47805],[26.18019,44.47846],[26.1812,44.47888],[26.18135,44.47893],[26.18219,44.4791],[26.18291,44.47915],[26.18431,44.47901],[26.1847,44.47897],[26.18473,44.479],[26.1849,44.47911],[26.18076,44.47959],[26.18027,44.47966],[26.1787,44.47984],[26.17826,44.4799],[26.1778,44.47994],[26.17646,44.48012],[26.17609,44.48015],[26.1759,44.48018],[26.17556,44.48021],[26.17541,44.48022],[26.17364,44.48044],[26.17306,44.4805],[26.17274,44.48054],[26.17234,44.48058],[26.17118,44.48071],[26.17086,44.48075],[26.17049,44.48079],[26.17008,44.48084],[26.16942,44.48092],[26.16874,44.481],[26.16645,44.48128],[26.16645,44.48129],[26.16571,44.48138],[26.16571,44.48137],[26.16533,44.48142],[26.16477,44.4815],[26.16477,44.48151],[26.16363,44.48165],[26.1628,44.48173],[26.16286,44.48196],[26.1626,44.48193],[26.16256,44.4819],[26.16249,44.48182],[26.16238,44.48182],[26.16227,44.48183],[26.16172,44.48188],[26.1616,44.48189],[26.16047,44.48198],[26.1594,44.48211],[26.1594,44.48213],[26.15891,44.48219],[26.15406,44.48273],[26.15323,44.48282],[26.15311,44.48284],[26.15302,44.48284],[26.15287,44.48286],[26.14724,44.48352],[26.14725,44.48357],[26.14589,44.4837],[26.14374,44.48398],[26.14245,44.48412],[26.1411,44.48428],[26.141,44.4843],[26.14082,44.48431],[26.14081,44.48427],[26.14035,44.48431],[26.14036,44.48452],[26.14014,44.48455],[26.14006,44.48434],[26.13931,44.48449],[26.13546,44.48494],[26.13174,44.48538],[26.12937,44.48565],[26.12453,44.48618],[26.11672,44.48709],[26.11519,44.48723],[26.1152,44.48727],[26.11492,44.4873],[26.11493,44.48733],[26.11484,44.48738]]]}},{"type":"Feature","properties":{"sector":3,"name":"Sectorul 3"},"geometry":{"type":"Polygon","coordinates":[[[26.09804,44.4349],[26.09812,44.43479],[26.0982,44.43467],[26.09829,44.43443],[26.09822,44.43442],[26.0979,44.43441],[26.09775,44.43441],[26.09777,44.43427],[26.09777,44.43423],[26.09775,44.43423],[26.09776,44.43405],[26.09762,44.43391],[26.09705,44.43386],[26.09704,44.4338],[26.09689,44.43308],[26.09648,44.43312],[26.09626,44.43315],[26.09637,44.43304],[26.09636,44.43302],[26.09641,44.43301],[26.09637,44.43291],[26.09622,44.43292],[26.09611,44.4329],[26.09604,44.43284],[26.09603,44.43278],[26.09609,44.43268],[26.09633,44.43258],[26.09624,44.43245],[26.09563,44.43163],[26.09596,44.43154],[26.09646,44.43142],[26.09638,44.43108],[26.09667,44.43103],[26.09662,44.43094],[26.09668,44.43082],[26.09657,44.43084],[26.09652,44.43056],[26.09646,44.43056],[26.09646,44.43057],[26.09634,44.43055],[26.09635,44.43053],[26.09631,44.43052],[26.09618,44.43065],[26.09616,44.43064],[26.09613,44.43067],[26.09603,44.43063],[26.09648,44.43021],[26.09638,44.43],[26.09677,44.42977],[26.09661,44.42955],[26.0966,44.42954],[26.09663,44.42953],[26.09664,44.42955],[26.09686,44.42948],[26.09698,44.42945],[26.0972,44.42942],[26.0994,44.42928],[26.09966,44.42924],[26.09979,44.42922],[26.09999,44.42917],[26.10013,44.42913],[26.10028,44.42908],[26.10044,44.42901],[26.10058,44.42895],[26.10067,44.4289],[26.10074,44.42885],[26.10091,44.42872],[26.1009,44.42871],[26.10092,44.42869],[26.10096,44.4287],[26.101,44.42872],[26.10127,44.42866],[26.10129,44.42864],[26.10131,44.42864],[26.10131,44.42854],[26.10127,44.42853],[26.10123,44.42852],[26.10109,44.42704],[26.1011,44.42701],[26.10111,44.42701],[26.1011,44.42689],[26.10108,44.4269],[26.10107,44.42682],[26.10109,44.42682],[26.10104,44.42626],[26.10107,44.42621],[26.10111,44.42617],[26.10114,44.42614],[26.10119,44.42612],[26.10132,44.42608],[26.10143,44.42605],[26.1015,44.42603],[26.10174,44.42599],[26.10353,44.42592],[26.10358,44.42592],[26.10366,44.42592],[26.10379,44.42591],[26.10433,44.42585],[26.10452,44.42584],[26.10679,44.42573],[26.107,44.42572],[26.10716,44.42571],[26.10733,44.42568],[26.10751,44.42564],[26.10778,44.42556],[26.10799,44.42548],[26.10818,44.42539],[26.10832,44.4253],[26.10843,44.42522],[26.10862,44.42507],[26.10872,44.42498],[26.10881,44.42486],[26.10888,44.42478],[26.10899,44.42458],[26.10902,44.4245],[26.10925,44.42391],[26.10933,44.42378],[26.10928,44.42378],[26.10939,44.42349],[26.10944,44.42349],[26.10947,44.42335],[26.10954,44.42312],[26.10953,44.42312],[26.10953,44.42311],[26.10954,44.42311],[26.10964,44.42282],[26.10964,44.42281],[26.10966,44.42281],[26.10972,44.42271],[26.10986,44.4224],[26.11094,44.41964],[26.11104,44.41941],[26.11112,44.41928],[26.11124,44.4191],[26.11136,44.41895],[26.11149,44.41879],[26.1116,44.41869],[26.11158,44.41868],[26.11176,44.41851],[26.11179,44.41852],[26.11186,44.41843],[26.11287,44.41751],[26.11286,44.4175],[26.11288,44.41748],[26.11286,44.41746],[26.11294,44.41739],[26.11296,44.4174],[26.113,44.41734],[26.11301,44.41735],[26.11306,44.41729],[26.1131,44.41728],[26.11313,44.41725],[26.11316,44.41727],[26.11341,44.41704],[26.11336,44.41702],[26.11335,44.41701],[26.11334,44.41702],[26.11356,44.41683],[26.11356,44.41682],[26.11357,44.41682],[26.11358,44.41683],[26.11362,44.41685],[26.11362,44.41684],[26.11421,44.4163],[26.11439,44.41614],[26.11438,44.4161],[26.1144,44.41607],[26.11512,44.4154],[26.11891,44.4119],[26.11905,44.41179],[26.11903,44.41178],[26.11927,44.41154],[26.11931,44.41156],[26.11944,44.41141],[26.11949,44.41137],[26.11947,44.41136],[26.11953,44.4113],[26.11955,44.41131],[26.12043,44.41049],[26.1207,44.41024],[26.12101,44.40998],[26.12121,44.40983],[26.12169,44.4095],[26.12197,44.40931],[26.12219,44.40918],[26.12253,44.40899],[26.12256,44.40898],[26.12326,44.40864],[26.12409,44.40826],[26.1241,44.40824],[26.12415,44.40816],[26.12415,44.40814],[26.12486,44.40787],[26.12487,44.40787],[26.12512,44.40789],[26.12584,44.40767],[26.12645,44.4075],[26.132,44.40609],[26.13634,44.405],[26.13701,44.40483],[26.13764,44.40466],[26.14106,44.40373],[26.14109,44.40373],[26.14124,44.40374],[26.14122,44.40369],[26.14149,44.40362],[26.14152,44.40367],[26.14164,44.40357],[26.14226,44.4034],[26.14226,44.40339],[26.14228,44.40339],[26.14262,44.4033],[26.14263,44.40329],[26.14265,44.40328],[26.14265,44.40329],[26.14275,44.40327],[26.14393,44.40297],[26.14749,44.40208],[26.14918,44.40165],[26.14936,44.40167],[26.14934,44.40164],[26.14967,44.40156],[26.14967,44.40155],[26.14996,44.40148],[26.14998,44.40151],[26.15013,44.40139],[26.15031,44.40135],[26.15149,44.40105],[26.15312,44.40064],[26.15973,44.39897],[26.16044,44.39879],[26.16098,44.39866],[26.16198,44.39841],[26.16193,44.39831],[26.17271,44.3956],[26.17494,44.39504],[26.17779,44.39432],[26.17879,44.3941],[26.17922,44.39402],[26.17962,44.39395],[26.17999,44.39391],[26.1805,44.39386],[26.18092,44.39383],[26.18136,44.39381],[26.18184,44.39379],[26.18219,44.39379],[26.18287,44.39381],[26.18368,44.39384],[26.18431,44.39387],[26.18533,44.39392],[26.1857,44.39393],[26.19118,44.39417],[26.19401,44.3943],[26.19734,44.39443],[26.20438,44.39473],[26.20502,44.39475],[26.2087,44.39491],[26.21213,44.39507],[26.21207,44.39565],[26.21207,44.3957],[26.21178,44.39835],[26.21173,44.39863],[26.21382,44.39871],[26.21387,44.39873],[26.21406,44.39883],[26.21409,44.39917],[26.2137,44.39968],[26.21334,44.39955],[26.213,44.40039],[26.21283,44.40081],[26.21291,44.40111],[26.21276,44.40133],[26.21265,44.4015],[26.21288,44.40173],[26.21279,44.4019],[26.21293,44.40205],[26.21267,44.40253],[26.21276,44.40256],[26.21229,44.40319],[26.21196,44.4031],[26.21145,44.40371],[26.21119,44.40387],[26.21038,44.40407],[26.2103,44.404],[26.21007,44.40381],[26.20988,44.40386],[26.20982,44.40393],[26.20955,44.404],[26.2095,44.4039],[26.20945,44.4038],[26.20926,44.4033],[26.2091,44.403],[26.20891,44.40303],[26.20869,44.40307],[26.20872,44.40327],[26.20804,44.40337],[26.20804,44.40353],[26.20829,44.40434],[26.20848,44.40493],[26.20843,44.40494],[26.2085,44.40515],[26.2119,44.40459],[26.21193,44.40466],[26.21186,44.40468],[26.21172,44.4048],[26.2116,44.40503],[26.21163,44.40509],[26.21168,44.40514],[26.21176,44.4052],[26.21184,44.40524],[26.2118,44.4053],[26.21174,44.40539],[26.21118,44.40636],[26.21154,44.40638],[26.21177,44.40636],[26.21279,44.40649],[26.21419,44.40665],[26.21534,44.40681],[26.21589,44.40689],[26.21647,44.40696],[26.21652,44.40693],[26.21664,44.40697],[26.21689,44.40704],[26.21713,44.40708],[26.21728,44.40709],[26.21751,44.40711],[26.21764,44.40713],[26.21772,44.40715],[26.21787,44.40718],[26.21809,44.40749],[26.21825,44.40776],[26.21835,44.40798],[26.2184,44.40809],[26.21844,44.40823],[26.21848,44.40837],[26.21852,44.40865],[26.21852,44.40894],[26.2185,44.40923],[26.21835,44.41079],[26.21834,44.4109],[26.2182,44.41226],[26.21819,44.41238],[26.21816,44.41266],[26.21799,44.41468],[26.21779,44.41638],[26.21777,44.41681],[26.21779,44.41701],[26.21828,44.41864],[26.22157,44.41813],[26.22165,44.41849],[26.22224,44.42038],[26.22225,44.42051],[26.22222,44.42059],[26.2222,44.42071],[26.22221,44.42076],[26.22287,44.42238],[26.22306,44.42235],[26.22319,44.42231],[26.2232,44.42234],[26.224,44.42415],[26.2243,44.42408],[26.22447,44.42446],[26.22207,44.42517],[26.2208,44.42548],[26.22084,44.42559],[26.22096,44.42598],[26.22097,44.42602],[26.22097,44.42616],[26.22096,44.42624],[26.2209,44.42635],[26.22107,44.42662],[26.22121,44.42666],[26.22136,44.42664],[26.22211,44.42649],[26.22275,44.42635],[26.22294,44.4267],[26.22299,44.42668],[26.22315,44.42696],[26.22318,44.42695],[26.22322,44.42702],[26.22325,44.4271],[26.22326,44.42716],[26.22331,44.42723],[26.22335,44.42734],[26.22348,44.42766],[26.22356,44.42782],[26.22358,44.42788],[26.22363,44.42797],[26.22384,44.42792],[26.22416,44.42854],[26.22448,44.42955],[26.22478,44.43034],[26.22481,44.43033],[26.22524,44.43127],[26.2253,44.43139],[26.22543,44.43154],[26.2254,44.43165],[26.22545,44.43182],[26.22546,44.43184],[26.22548,44.43189],[26.2255,44.43214],[26.22558,44.43241],[26.22526,44.43252],[26.22522,44.43254],[26.22447,44.43261],[26.22425,44.43256],[26.22408,44.43248],[26.22269,44.43168],[26.22245,44.43159],[26.22221,44.43155],[26.22144,44.43143],[26.22099,44.43136],[26.21979,44.43116],[26.21949,44.43112],[26.21935,44.43111],[26.21921,44.43112],[26.21908,44.43115],[26.21896,44.43119],[26.21883,44.43124],[26.21879,44.43126],[26.21873,44.43128],[26.21817,44.43154],[26.21805,44.43161],[26.21794,44.43169],[26.21774,44.43187],[26.21756,44.43204],[26.21736,44.43224],[26.21724,44.43237],[26.21718,44.43245],[26.21667,44.43318],[26.21624,44.43379],[26.2156,44.43474],[26.21544,44.43488],[26.21529,44.43495],[26.2151,44.43497],[26.21488,44.43497],[26.21471,44.43495],[26.21455,44.43492],[26.21438,44.43486],[26.21421,44.43476],[26.21404,44.43466],[26.21389,44.43455],[26.21374,44.43443],[26.2136,44.43429],[26.21352,44.43433],[26.21344,44.43425],[26.21342,44.43426],[26.21317,44.434],[26.21327,44.43396],[26.21308,44.43376],[26.21296,44.43365],[26.21272,44.43346],[26.21266,44.43342],[26.21263,44.43345],[26.21239,44.43334],[26.2122,44.43326],[26.21221,44.43322],[26.21203,44.43315],[26.21187,44.4331],[26.21154,44.43301],[26.21144,44.433],[26.21135,44.433],[26.21123,44.43301],[26.21108,44.43302],[26.21068,44.43313],[26.21043,44.43318],[26.20969,44.43336],[26.20924,44.43348],[26.20903,44.43355],[26.20854,44.43379],[26.20828,44.4339],[26.20806,44.43402],[26.20778,44.43416],[26.20741,44.43448],[26.20701,44.43504],[26.20697,44.43513],[26.20686,44.4353],[26.20681,44.43535],[26.20668,44.43543],[26.20658,44.43549],[26.20647,44.43561],[26.20637,44.43577],[26.20619,44.43613],[26.20615,44.43625],[26.20593,44.43698],[26.2059,44.43715],[26.20589,44.43728],[26.20583,44.4374],[26.20582,44.43752],[26.20579,44.43774],[26.20573,44.43773],[26.20565,44.43809],[26.20554,44.43825],[26.20522,44.43861],[26.20513,44.43871],[26.20508,44.43875],[26.20495,44.43884],[26.20488,44.43886],[26.2048,44.43889],[26.20465,44.43891],[26.2042,44.43897],[26.20375,44.43898],[26.20363,44.43898],[26.20279,44.43896],[26.20275,44.43895],[26.20258,44.43894],[26.20228,44.43889],[26.20214,44.43886],[26.20192,44.4388],[26.2015,44.43873],[26.20111,44.43868],[26.2008,44.43867],[26.20036,44.43868],[26.19999,44.43869],[26.19944,44.43875],[26.19888,44.43885],[26.19881,44.43887],[26.1987,44.4389],[26.19844,44.43901],[26.19826,44.4391],[26.19805,44.43921],[26.19782,44.43938],[26.19766,44.43951],[26.19736,44.43977],[26.19721,44.43994],[26.19716,44.44],[26.19709,44.4401],[26.19699,44.4403],[26.1969,44.44049],[26.19675,44.44083],[26.1967,44.44102],[26.19669,44.44115],[26.19686,44.44147],[26.19688,44.44153],[26.19701,44.44169],[26.1973,44.44187],[26.19761,44.44198],[26.1977,44.44202],[26.19778,44.4421],[26.19777,44.44219],[26.19772,44.44224],[26.1977,44.44227],[26.19769,44.44228],[26.19763,44.44239],[26.19754,44.44255],[26.19719,44.44239],[26.19649,44.44209],[26.1958,44.44185],[26.19489,44.44167],[26.19399,44.44148],[26.19293,44.44127],[26.19255,44.44078],[26.1922,44.44037],[26.19142,44.43948],[26.19103,44.43967],[26.19081,44.43948],[26.19087,44.43944],[26.19072,44.43937],[26.19035,44.43911],[26.19019,44.43892],[26.19025,44.4389],[26.18985,44.43841],[26.18781,44.43776],[26.18709,44.43677],[26.18583,44.43569],[26.18577,44.43569],[26.18544,44.43521],[26.18471,44.43716],[26.18462,44.43735],[26.18453,44.43759],[26.18446,44.43756],[26.18351,44.43732],[26.18355,44.43723],[26.18318,44.43713],[26.18315,44.43711],[26.18317,44.43701],[26.18318,44.43692],[26.18322,44.43693],[26.18301,44.43646],[26.18299,44.43644],[26.1827,44.43635],[26.18266,44.43634],[26.18253,44.43599],[26.18217,44.43607],[26.1821,44.43594],[26.18206,44.43595],[26.18198,44.43576],[26.18187,44.43561],[26.18168,44.43569],[26.18171,44.43572],[26.18174,44.43577],[26.18179,44.43585],[26.18187,44.43598],[26.18192,44.43611],[26.18194,44.43623],[26.18193,44.43628],[26.18197,44.43634],[26.18198,44.43638],[26.18194,44.43644],[26.18164,44.4365],[26.18145,44.43654],[26.18103,44.43663],[26.18095,44.43681],[26.18088,44.43694],[26.18087,44.43697],[26.18088,44.43698],[26.18088,44.437],[26.18086,44.43701],[26.18083,44.43703],[26.18111,44.43751],[26.18093,44.43796],[26.17966,44.43775],[26.17978,44.43725],[26.17971,44.43716],[26.1797,44.43711],[26.17966,44.43692],[26.17961,44.43679],[26.17957,44.43669],[26.17922,44.43677],[26.17855,44.43667],[26.17831,44.43665],[26.17817,44.43656],[26.17805,44.43649],[26.17788,44.43632],[26.17772,44.43626],[26.17761,44.43628],[26.17717,44.43638],[26.17677,44.43662],[26.17648,44.43675],[26.17627,44.4367],[26.17612,44.43664],[26.17602,44.43675],[26.17542,44.43693],[26.17519,44.43703],[26.17496,44.43698],[26.17462,44.43702],[26.17459,44.43676],[26.17403,44.43688],[26.17392,44.43662],[26.17362,44.43668],[26.17266,44.43689],[26.17235,44.43694],[26.17195,44.43706],[26.17126,44.4372],[26.17119,44.43685],[26.17072,44.43693],[26.16991,44.43713],[26.16966,44.43715],[26.16968,44.4372],[26.16821,44.43689],[26.16764,44.43678],[26.16773,44.43655],[26.1678,44.43636],[26.16784,44.43627],[26.16756,44.43621],[26.16785,44.43541],[26.16792,44.43521],[26.16748,44.43513],[26.16735,44.43547],[26.16727,44.4355],[26.16712,44.43549],[26.16581,44.43524],[26.16576,44.43518],[26.16577,44.4351],[26.16569,44.43508],[26.16494,44.43495],[26.16469,44.43499],[26.16441,44.43494],[26.16436,44.43493],[26.16437,44.43488],[26.16421,44.43483],[26.16315,44.43462],[26.16282,44.43457],[26.16283,44.4345],[26.16204,44.43435],[26.16197,44.43459],[26.16086,44.43435],[26.16084,44.43442],[26.16072,44.4344],[26.16071,44.43443],[26.16061,44.43442],[26.16053,44.43441],[26.16046,44.43439],[26.1603,44.43487],[26.15971,44.43469],[26.15978,44.43449],[26.15962,44.43447],[26.15953,44.43444],[26.15956,44.43427],[26.15955,44.43425],[26.15953,44.43421],[26.15956,44.43407],[26.15944,44.43405],[26.15946,44.434],[26.15934,44.43398],[26.15925,44.43428],[26.1591,44.43431],[26.15894,44.43428],[26.15881,44.43426],[26.15875,44.43444],[26.15862,44.4344],[26.15844,44.43437],[26.15848,44.4342],[26.15856,44.43396],[26.15829,44.43391],[26.15793,44.43385],[26.15749,44.43374],[26.15697,44.43358],[26.15673,44.43353],[26.15612,44.43341],[26.15594,44.43337],[26.15596,44.43329],[26.1557,44.43323],[26.15541,44.43318],[26.15548,44.43298],[26.15536,44.43295],[26.15528,44.43293],[26.15521,44.43315],[26.15518,44.43318],[26.15515,44.4332],[26.15489,44.43315],[26.15487,44.43313],[26.15486,44.43311],[26.15493,44.43288],[26.15486,44.43288],[26.15475,44.43286],[26.15469,44.43283],[26.15473,44.43273],[26.15411,44.43262],[26.15408,44.43272],[26.15371,44.43266],[26.15373,44.4326],[26.15373,44.43255],[26.15333,44.43251],[26.15307,44.43247],[26.15222,44.43238],[26.15054,44.43224],[26.14933,44.43214],[26.14919,44.43218],[26.14896,44.43222],[26.14808,44.43211],[26.14737,44.43205],[26.14732,44.43223],[26.14725,44.43222],[26.14726,44.43221],[26.1472,44.43219],[26.14723,44.43209],[26.14695,44.43204],[26.14668,44.43203],[26.14567,44.43194],[26.14561,44.43229],[26.14552,44.43229],[26.14546,44.43238],[26.14543,44.43258],[26.14534,44.43257],[26.14537,44.4324],[26.1451,44.43238],[26.14512,44.43227],[26.14513,44.43227],[26.14514,44.43219],[26.14492,44.43217],[26.14497,44.43191],[26.14495,44.43191],[26.14489,44.43189],[26.14479,44.43184],[26.1446,44.43181],[26.14461,44.43183],[26.1446,44.43187],[26.14372,44.43179],[26.14269,44.4317],[26.14264,44.43202],[26.14127,44.43191],[26.14126,44.43196],[26.14115,44.43196],[26.14118,44.43168],[26.1408,44.43165],[26.14052,44.43186],[26.14046,44.43227],[26.14016,44.43225],[26.13898,44.43206],[26.13839,44.43194],[26.13815,44.43253],[26.13794,44.43247],[26.13726,44.43236],[26.13729,44.43228],[26.13706,44.43224],[26.13691,44.43222],[26.13696,44.43208],[26.13672,44.43203],[26.13665,44.43229],[26.1366,44.43238],[26.13625,44.43226],[26.13617,44.43238],[26.13613,44.43236],[26.13616,44.4323],[26.13615,44.43227],[26.13614,44.43227],[26.13605,44.4324],[26.13504,44.43208],[26.13486,44.43202],[26.13484,44.43207],[26.1344,44.43204],[26.13391,44.43201],[26.13314,44.43202],[26.13282,44.43196],[26.13261,44.43195],[26.13238,44.43188],[26.13204,44.43184],[26.13195,44.43189],[26.13186,44.43196],[26.13177,44.43205],[26.13167,44.43207],[26.1315,44.43208],[26.13118,44.43209],[26.13116,44.43201],[26.13103,44.43203],[26.13107,44.43212],[26.13079,44.43215],[26.13067,44.43221],[26.13053,44.43221],[26.1305,44.43213],[26.13019,44.43213],[26.13008,44.43224],[26.12922,44.43227],[26.12911,44.43238],[26.12897,44.43233],[26.12891,44.43229],[26.12833,44.43236],[26.12794,44.43243],[26.12796,44.43301],[26.12767,44.43298],[26.12745,44.43294],[26.12748,44.4328],[26.12718,44.43277],[26.12707,44.4328],[26.12706,44.43284],[26.12688,44.43281],[26.12692,44.43269],[26.1268,44.43269],[26.12659,44.43265],[26.12658,44.43271],[26.12618,44.43268],[26.12603,44.43267],[26.12604,44.43259],[26.12602,44.43256],[26.12579,44.43255],[26.12554,44.43277],[26.12537,44.43276],[26.12532,44.43272],[26.12516,44.43274],[26.12517,44.43281],[26.12509,44.43282],[26.12508,44.43281],[26.12502,44.43282],[26.12499,44.43272],[26.12487,44.43273],[26.12488,44.43283],[26.12489,44.43286],[26.12486,44.43307],[26.12487,44.43312],[26.12412,44.43303],[26.12392,44.43306],[26.12378,44.43332],[26.12361,44.43358],[26.12351,44.43376],[26.12342,44.43389],[26.12314,44.43378],[26.12286,44.43371],[26.12294,44.43352],[26.12272,44.43345],[26.12269,44.43348],[26.1225,44.43342],[26.12245,44.43336],[26.12237,44.43334],[26.1224,44.43326],[26.12231,44.43326],[26.12231,44.43313],[26.12223,44.43313],[26.12222,44.43303],[26.1221,44.43304],[26.1221,44.4332],[26.12196,44.43319],[26.12197,44.43306],[26.12181,44.43307],[26.12182,44.43339],[26.12174,44.43337],[26.12174,44.43334],[26.1217,44.43334],[26.12135,44.43334],[26.12135,44.43332],[26.12133,44.43319],[26.12131,44.43312],[26.1213,44.43305],[26.12072,44.43317],[26.12079,44.43354],[26.12077,44.43355],[26.12078,44.43358],[26.1205,44.4336],[26.1205,44.43362],[26.12043,44.43362],[26.12038,44.43366],[26.12015,44.43371],[26.12009,44.43335],[26.11986,44.43336],[26.11987,44.43341],[26.11976,44.43342],[26.11977,44.43347],[26.11965,44.43348],[26.11963,44.43337],[26.11952,44.43338],[26.11939,44.43341],[26.11897,44.43344],[26.11897,44.43347],[26.11887,44.43348],[26.11885,44.43352],[26.11869,44.43353],[26.11867,44.43345],[26.11855,44.43347],[26.11861,44.43368],[26.11845,44.43367],[26.11842,44.43354],[26.11835,44.43336],[26.11819,44.43337],[26.11819,44.4334],[26.11813,44.43339],[26.11812,44.43343],[26.11807,44.43343],[26.11798,44.43345],[26.11796,44.43338],[26.11781,44.4334],[26.11787,44.43361],[26.11783,44.43364],[26.11781,44.4337],[26.11783,44.43374],[26.11795,44.43411],[26.11786,44.43407],[26.11771,44.43399],[26.11755,44.43393],[26.11742,44.43391],[26.11743,44.43382],[26.11744,44.43351],[26.11739,44.43351],[26.11733,44.43351],[26.11711,44.43351],[26.11709,44.43367],[26.11699,44.43367],[26.117,44.43365],[26.11679,44.43364],[26.1168,44.43364],[26.11665,44.43363],[26.11656,44.43363],[26.1159,44.43361],[26.1154,44.4336],[26.11534,44.43359],[26.11532,44.43363],[26.1153,44.43373],[26.11522,44.43392],[26.115,44.43384],[26.11504,44.43372],[26.11509,44.43348],[26.11511,44.43341],[26.11513,44.43322],[26.11458,44.43316],[26.11456,44.43333],[26.11436,44.4333],[26.11435,44.43338],[26.11433,44.43338],[26.11432,44.43344],[26.11434,44.43344],[26.11426,44.43371],[26.11418,44.43368],[26.11408,44.43366],[26.11395,44.43363],[26.11392,44.43367],[26.11392,44.43375],[26.11385,44.43382],[26.11397,44.43388],[26.11387,44.43397],[26.11402,44.43405],[26.11395,44.43412],[26.11362,44.43437],[26.11332,44.43426],[26.11323,44.43436],[26.11344,44.43449],[26.1132,44.43467],[26.11303,44.43451],[26.11276,44.43437],[26.11269,44.43442],[26.11284,44.43454],[26.11297,44.43475],[26.11275,44.43483],[26.11265,44.43486],[26.1123,44.43488],[26.11228,44.43485],[26.11215,44.43488],[26.11209,44.43482],[26.11189,44.4347],[26.11187,44.43467],[26.11162,44.43491],[26.11155,44.43487],[26.11139,44.43488],[26.11119,44.43482],[26.11121,44.4348],[26.11115,44.43477],[26.11104,44.43472],[26.11097,44.43467],[26.11096,44.43468],[26.11094,44.43466],[26.11089,44.43464],[26.11085,44.43462],[26.11085,44.43463],[26.11071,44.43457],[26.11071,44.43456],[26.11061,44.43452],[26.11061,44.43451],[26.1104,44.43442],[26.11035,44.43448],[26.11027,44.43461],[26.11026,44.43461],[26.11025,44.43462],[26.1102,44.43461],[26.1102,44.4346],[26.11014,44.43457],[26.11012,44.43459],[26.11011,44.43458],[26.11005,44.43446],[26.1098,44.4344],[26.10965,44.43433],[26.10956,44.43445],[26.10953,44.43444],[26.10966,44.43427],[26.10952,44.43417],[26.10929,44.43435],[26.10863,44.43406],[26.10882,44.43375],[26.10861,44.43367],[26.10836,44.43378],[26.10814,44.43397],[26.1081,44.43402],[26.10787,44.43413],[26.10763,44.43435],[26.10772,44.43453],[26.10756,44.43456],[26.10757,44.43459],[26.10734,44.43483],[26.10731,44.43487],[26.10732,44.43488],[26.10723,44.43498],[26.10714,44.43493],[26.107,44.43487],[26.10691,44.43498],[26.10653,44.4354],[26.10677,44.4355],[26.10672,44.43556],[26.10668,44.43554],[26.10667,44.43555],[26.10668,44.43555],[26.10666,44.43558],[26.10667,44.43558],[26.1066,44.43569],[26.10656,44.43568],[26.10648,44.43582],[26.10646,44.43588],[26.10643,44.43597],[26.10621,44.43593],[26.1061,44.43591],[26.10594,44.43609],[26.10574,44.43622],[26.10514,44.43611],[26.10392,44.43588],[26.10376,44.43589],[26.10369,44.43589],[26.10365,44.43589],[26.10362,44.43589],[26.10359,44.43589],[26.10355,44.43591],[26.10351,44.4359],[26.10327,44.43587],[26.10295,44.43582],[26.10292,44.43586],[26.10286,44.43591],[26.10281,44.43593],[26.10277,44.43595],[26.1027,44.43596],[26.10265,44.43596],[26.10255,44.43595],[26.10253,44.43597],[26.10232,44.43592],[26.10225,44.43601],[26.10216,44.43601],[26.10215,44.43598],[26.1022,44.43589],[26.10195,44.43584],[26.10183,44.43609],[26.1018,44.4361],[26.10177,44.4361],[26.10146,44.43603],[26.10128,44.43599],[26.10128,44.43598],[26.10098,44.43591],[26.10097,44.43591],[26.10091,44.4359],[26.10065,44.43584],[26.10065,44.43583],[26.10059,44.43582],[26.10059,44.43581],[26.10029,44.43574],[26.10011,44.43569],[26.09959,44.43556],[26.09957,44.43555],[26.09956,44.43553],[26.09957,44.43543],[26.09942,44.43541],[26.09947,44.43507],[26.09946,44.43505],[26.09944,44.43504],[26.09942,44.43503],[26.09833,44.43482],[26.09829,44.43482],[26.09826,44.43483],[26.09823,44.43484],[26.09821,44.43486],[26.0982,44.43488],[26.09804,44.4349]]]}},{"type":"Feature","properties":{"sector":4,"name":"Sectorul 4"},"geometry":{"type":"Polygon","coordinates":[[[26.08815,44.36924],[26.08864,44.36868],[26.08901,44.36817],[26.08951,44.36716],[26.09031,44.36704],[26.0906,44.3672],[26.09353,44.3629],[26.09482,44.36315],[26.09547,44.35997],[26.09597,44.36001],[26.09598,44.36055],[26.09597,44.36072],[26.09598,44.36103],[26.09603,44.3612],[26.09608,44.3613],[26.09628,44.36144],[26.09649,44.36149],[26.09791,44.36226],[26.09813,44.36322],[26.09908,44.36757],[26.10049,44.36738],[26.11359,44.36561],[26.11232,44.3609],[26.12176,44.35589],[26.12843,44.35228],[26.13039,44.3512],[26.12743,44.34835],[26.13031,44.34678],[26.13149,44.34612],[26.13283,44.34537],[26.1367,44.34325],[26.13928,44.34182],[26.14661,44.33781],[26.14654,44.3378],[26.14621,44.33771],[26.14632,44.33728],[26.14719,44.33743],[26.1475,44.33741],[26.14764,44.33708],[26.14894,44.3363],[26.14948,44.33561],[26.15195,44.33425],[26.15652,44.33554],[26.15658,44.33641],[26.15666,44.33709],[26.15717,44.33764],[26.15615,44.33938],[26.15673,44.33956],[26.1627,44.3414],[26.16338,44.34158],[26.16398,44.34177],[26.16324,44.34274],[26.16337,44.34281],[26.16356,44.3427],[26.16375,44.34259],[26.1639,44.34255],[26.16408,44.34256],[26.1668,44.34364],[26.16434,44.34681],[26.1616,44.34571],[26.16127,44.34558],[26.15745,44.3506],[26.15219,44.35746],[26.15181,44.35845],[26.15197,44.35858],[26.15146,44.35918],[26.15092,44.35992],[26.15056,44.36044],[26.15083,44.36056],[26.15042,44.36111],[26.14862,44.3635],[26.14817,44.3633],[26.14773,44.36362],[26.14635,44.36539],[26.14626,44.36536],[26.14575,44.36609],[26.1456,44.36602],[26.1447,44.36721],[26.14461,44.36717],[26.14376,44.36828],[26.14368,44.3684],[26.14424,44.3687],[26.14373,44.36936],[26.14369,44.36934],[26.14362,44.36943],[26.14304,44.3692],[26.14284,44.36945],[26.14326,44.36984],[26.14362,44.37021],[26.14384,44.37053],[26.14488,44.37203],[26.14348,44.37257],[26.14371,44.37289],[26.14363,44.37293],[26.14378,44.37315],[26.14387,44.37312],[26.14498,44.37468],[26.14547,44.37449],[26.1456,44.37466],[26.14564,44.37465],[26.1468,44.37618],[26.14692,44.37635],[26.14733,44.37692],[26.14735,44.37691],[26.14763,44.37724],[26.1478,44.37742],[26.1479,44.37739],[26.1485,44.37822],[26.1475,44.37863],[26.14928,44.38103],[26.15011,44.38213],[26.14992,44.38221],[26.1512,44.38386],[26.15177,44.38364],[26.15344,44.386],[26.15406,44.38681],[26.15361,44.38696],[26.15431,44.38801],[26.15491,44.38855],[26.15651,44.39013],[26.15657,44.3902],[26.15683,44.39075],[26.15704,44.39184],[26.15815,44.39328],[26.15984,44.39555],[26.16171,44.39798],[26.16193,44.39831],[26.16198,44.39841],[26.16098,44.39866],[26.16044,44.39879],[26.15973,44.39897],[26.15312,44.40064],[26.15149,44.40105],[26.15031,44.40135],[26.15013,44.40139],[26.14998,44.40151],[26.14996,44.40148],[26.14967,44.40155],[26.14967,44.40156],[26.14934,44.40164],[26.14936,44.40167],[26.14918,44.40165],[26.14749,44.40208],[26.14393,44.40297],[26.14275,44.40327],[26.14265,44.40329],[26.14265,44.40328],[26.14263,44.40329],[26.14262,44.4033],[26.14228,44.40339],[26.14226,44.40339],[26.14226,44.4034],[26.14164,44.40357],[26.14152,44.40367],[26.14149,44.40362],[26.14122,44.40369],[26.14124,44.40374],[26.14109,44.40373],[26.14106,44.40373],[26.13764,44.40466],[26.13701,44.40483],[26.13634,44.405],[26.132,44.40609],[26.12645,44.4075],[26.12584,44.40767],[26.12512,44.40789],[26.12487,44.40787],[26.12486,44.40787],[26.12415,44.40814],[26.12415,44.40816],[26.1241,44.40824],[26.12409,44.40826],[26.12326,44.40864],[26.12256,44.40898],[26.12253,44.40899],[26.12219,44.40918],[26.12197,44.40931],[26.12169,44.4095],[26.12121,44.40983],[26.12101,44.40998],[26.1207,44.41024],[26.12043,44.41049],[26.11955,44.41131],[26.11953,44.4113],[26.11947,44.41136],[26.11949,44.41137],[26.11944,44.41141],[26.11931,44.41156],[26.11927,44.41154],[26.11903,44.41178],[26.11905,44.41179],[26.11891,44.4119],[26.11512,44.4154],[26.1144,44.41607],[26.11438,44.4161],[26.11439,44.41614],[26.11421,44.4163],[26.11362,44.41684],[26.11362,44.41685],[26.11358,44.41683],[26.11357,44.41682],[26.11356,44.41682],[26.11356,44.41683],[26.11334,44.41702],[26.11335,44.41701],[26.11336,44.41702],[26.11341,44.41704],[26.11316,44.41727],[26.11313,44.41725],[26.1131,44.41728],[26.11306,44.41729],[26.11301,44.41735],[26.113,44.41734],[26.11296,44.4174],[26.11294,44.41739],[26.11286,44.41746],[26.11288,44.41748],[26.11286,44.4175],[26.11287,44.41751],[26.11186,44.41843],[26.11179,44.41852],[26.11176,44.41851],[26.11158,44.41868],[26.1116,44.41869],[26.11149,44.41879],[26.11136,44.41895],[26.11124,44.4191],[26.11112,44.41928],[26.11104,44.41941],[26.11094,44.41964],[26.10986,44.4224],[26.10972,44.42271],[26.10966,44.42281],[26.10964,44.42281],[26.10964,44.42282],[26.10954,44.42311],[26.10953,44.42311],[26.10953,44.42312],[26.10954,44.42312],[26.10947,44.42335],[26.10944,44.42349],[26.10939,44.42349],[26.10928,44.42378],[26.10933,44.42378],[26.10925,44.42391],[26.10902,44.4245],[26.10899,44.42458],[26.10888,44.42478],[26.10881,44.42486],[26.10872,44.42498],[26.10862,44.42507],[26.10843,44.42522],[26.10832,44.4253],[26.10818,44.42539],[26.10799,44.42548],[26.10778,44.42556],[26.10751,44.42564],[26.10733,44.42568],[26.10716,44.42571],[26.107,44.42572],[26.10679,44.42573],[26.10452,44.42584],[26.10433,44.42585],[26.10379,44.42591],[26.10366,44.42592],[26.10358,44.42592],[26.10353,44.42592],[26.10174,44.42599],[26.1015,44.42603],[26.10143,44.42605],[26.10132,44.42608],[26.10119,44.42612],[26.10114,44.42614],[26.10111,44.42617],[26.10107,44.42621],[26.10104,44.42626],[26.10109,44.42682],[26.10107,44.42682],[26.10108,44.4269],[26.1011,44.42689],[26.10111,44.42701],[26.1011,44.42701],[26.10109,44.42704],[26.10123,44.42852],[26.10127,44.42853],[26.10131,44.42854],[26.10131,44.42864],[26.10129,44.42864],[26.10127,44.42866],[26.101,44.42872],[26.10096,44.4287],[26.10092,44.42869],[26.1009,44.42871],[26.10091,44.42872],[26.10074,44.42885],[26.10067,44.4289],[26.10058,44.42895],[26.10044,44.42901],[26.10028,44.42908],[26.10013,44.42913],[26.09999,44.42917],[26.09979,44.42922],[26.09966,44.42924],[26.0994,44.42928],[26.0972,44.42942],[26.09698,44.42945],[26.09686,44.42948],[26.09664,44.42955],[26.09663,44.42953],[26.0966,44.42954],[26.09655,44.42939],[26.0965,44.42924],[26.09592,44.42926],[26.09583,44.42855],[26.09541,44.42877],[26.09533,44.42878],[26.09496,44.42865],[26.09495,44.42859],[26.09546,44.4282],[26.09536,44.42813],[26.09452,44.4278],[26.09417,44.42774],[26.09401,44.42774],[26.0938,44.42769],[26.09361,44.42774],[26.09351,44.42786],[26.09327,44.42787],[26.09318,44.42686],[26.09316,44.42661],[26.09347,44.4266],[26.09439,44.42655],[26.09437,44.42645],[26.09458,44.42624],[26.09482,44.42598],[26.09435,44.42575],[26.09442,44.42567],[26.09415,44.42559],[26.0941,44.42563],[26.09394,44.42556],[26.09367,44.42547],[26.09365,44.42551],[26.09362,44.4256],[26.09358,44.42567],[26.09342,44.42588],[26.09339,44.42588],[26.09318,44.42577],[26.09325,44.4256],[26.09312,44.42562],[26.09282,44.42556],[26.09284,44.42546],[26.0926,44.42543],[26.09266,44.42519],[26.09235,44.42518],[26.09236,44.42507],[26.09239,44.42505],[26.09259,44.42485],[26.09266,44.4248],[26.09254,44.42475],[26.09251,44.42472],[26.0923,44.42467],[26.09232,44.42462],[26.09206,44.42458],[26.09205,44.42461],[26.09192,44.42458],[26.0919,44.42441],[26.09109,44.42444],[26.09107,44.42437],[26.09097,44.42425],[26.0908,44.42416],[26.0907,44.42414],[26.09038,44.42414],[26.09034,44.42358],[26.09022,44.42243],[26.08895,44.4225],[26.08895,44.42224],[26.08894,44.42183],[26.08884,44.42174],[26.0887,44.42165],[26.08875,44.42077],[26.08873,44.42055],[26.08874,44.4204],[26.08864,44.42042],[26.08824,44.42021],[26.08826,44.41982],[26.08826,44.41978],[26.088,44.41964],[26.08799,44.41953],[26.08799,44.41949],[26.08769,44.41948],[26.08788,44.41911],[26.08794,44.41903],[26.08791,44.41904],[26.08796,44.41896],[26.08802,44.41883],[26.08804,44.41883],[26.08807,44.41876],[26.08826,44.41853],[26.08844,44.41839],[26.08859,44.4183],[26.08881,44.41819],[26.08871,44.41808],[26.08856,44.41804],[26.08826,44.41799],[26.08865,44.4178],[26.08867,44.41777],[26.08887,44.41782],[26.08905,44.41788],[26.08932,44.41791],[26.08945,44.41787],[26.08964,44.41782],[26.08976,44.41782],[26.09007,44.41735],[26.09021,44.41708],[26.09029,44.41696],[26.0904,44.41686],[26.0905,44.41683],[26.09052,44.4168],[26.09054,44.41673],[26.09056,44.41673],[26.09106,44.41624],[26.09122,44.41611],[26.09234,44.4157],[26.09247,44.41564],[26.09264,44.41585],[26.09304,44.41566],[26.09331,44.41561],[26.09363,44.41505],[26.09326,44.41417],[26.09312,44.41408],[26.09205,44.41378],[26.09187,44.41375],[26.09179,44.41415],[26.09175,44.41419],[26.09149,44.4143],[26.09131,44.41437],[26.09125,44.41435],[26.09103,44.4142],[26.09086,44.41405],[26.09066,44.41383],[26.09042,44.41352],[26.09023,44.41324],[26.08942,44.41214],[26.08906,44.41164],[26.08909,44.41162],[26.08931,44.41127],[26.08917,44.41121],[26.08932,44.41099],[26.08952,44.41121],[26.08997,44.41175],[26.09005,44.41182],[26.09022,44.41196],[26.09038,44.41206],[26.09054,44.41213],[26.09061,44.41222],[26.09065,44.4122],[26.09081,44.41221],[26.09085,44.41216],[26.09113,44.41229],[26.09134,44.41205],[26.09133,44.41205],[26.09141,44.41197],[26.09138,44.41195],[26.09141,44.41191],[26.09133,44.41188],[26.09137,44.41183],[26.09145,44.41186],[26.09148,44.41184],[26.09162,44.4119],[26.09167,44.41185],[26.09161,44.41182],[26.09165,44.41178],[26.09113,44.41153],[26.09136,44.41124],[26.09143,44.41115],[26.09113,44.41099],[26.09258,44.40914],[26.0927,44.409],[26.09284,44.40908],[26.09297,44.40893],[26.09305,44.40884],[26.09303,44.40883],[26.09306,44.40881],[26.0932,44.4087],[26.09318,44.40869],[26.09335,44.40856],[26.09328,44.40852],[26.09365,44.40823],[26.0937,44.40827],[26.09379,44.40837],[26.09387,44.40833],[26.09383,44.4083],[26.09409,44.40816],[26.09397,44.40803],[26.09425,44.40786],[26.09436,44.40797],[26.09469,44.40775],[26.09473,44.40778],[26.09503,44.40762],[26.09495,44.40754],[26.09506,44.40748],[26.09492,44.40737],[26.09507,44.40729],[26.09455,44.40686],[26.0948,44.4067],[26.09506,44.40656],[26.09502,44.40652],[26.09464,44.40625],[26.09568,44.40561],[26.09552,44.40551],[26.09571,44.40538],[26.09585,44.40513],[26.09642,44.4042],[26.09679,44.40358],[26.09641,44.40348],[26.0957,44.40339],[26.0951,44.4031],[26.09403,44.40256],[26.09446,44.40213],[26.09481,44.40176],[26.09419,44.40139],[26.09387,44.40119],[26.09368,44.40105],[26.09356,44.40095],[26.09329,44.40066],[26.09308,44.40041],[26.093,44.40033],[26.09282,44.40022],[26.09204,44.39981],[26.09221,44.39968],[26.09257,44.39932],[26.09443,44.40034],[26.09637,44.39989],[26.09627,44.39964],[26.09641,44.39961],[26.09635,44.39946],[26.09624,44.39948],[26.09617,44.39928],[26.09605,44.39931],[26.09602,44.39925],[26.09593,44.39927],[26.0959,44.39921],[26.09609,44.39916],[26.09605,44.3991],[26.09619,44.39906],[26.09617,44.39899],[26.09612,44.39891],[26.09608,44.39883],[26.09598,44.39886],[26.09579,44.39835],[26.09562,44.39837],[26.09558,44.39824],[26.0955,44.39826],[26.09545,44.39801],[26.09556,44.39799],[26.0955,44.39781],[26.09552,44.39781],[26.09548,44.39771],[26.09551,44.3977],[26.09547,44.3976],[26.0954,44.39744],[26.09531,44.39746],[26.09528,44.39737],[26.09481,44.39744],[26.0944,44.39745],[26.0944,44.3973],[26.09403,44.39728],[26.09403,44.39723],[26.094,44.3972],[26.09402,44.39716],[26.09407,44.39716],[26.09409,44.39703],[26.09319,44.39692],[26.09289,44.39688],[26.09285,44.39704],[26.09273,44.39703],[26.09277,44.39686],[26.09177,44.39671],[26.09176,44.39666],[26.09164,44.39652],[26.09246,44.39667],[26.09339,44.3968],[26.09433,44.39692],[26.09463,44.39692],[26.09485,44.39691],[26.09484,44.39684],[26.09541,44.39677],[26.09538,44.39672],[26.09505,44.39677],[26.09503,44.3967],[26.09459,44.39672],[26.09427,44.39601],[26.09403,44.39549],[26.09429,44.39544],[26.09431,44.39548],[26.09435,44.39556],[26.09447,44.39553],[26.09441,44.3954],[26.09471,44.39533],[26.09467,44.39525],[26.09417,44.39538],[26.094,44.39543],[26.09399,44.39539],[26.09343,44.39421],[26.09318,44.39426],[26.09289,44.39361],[26.09305,44.39357],[26.09323,44.39397],[26.09375,44.39385],[26.09372,44.39376],[26.09369,44.39371],[26.09362,44.39359],[26.09346,44.39362],[26.09343,44.39356],[26.09341,44.3935],[26.09353,44.39347],[26.09345,44.39327],[26.09341,44.39316],[26.09306,44.39325],[26.09302,44.39319],[26.09295,44.39304],[26.09316,44.39299],[26.09306,44.39278],[26.09309,44.39277],[26.09257,44.39165],[26.09244,44.39137],[26.0924,44.39128],[26.09207,44.39058],[26.09193,44.39028],[26.09191,44.39029],[26.0918,44.39007],[26.09174,44.39008],[26.09166,44.38986],[26.09135,44.38922],[26.09089,44.38824],[26.09113,44.38818],[26.09111,44.38814],[26.09147,44.38806],[26.0914,44.38792],[26.09095,44.38693],[26.09129,44.38685],[26.09127,44.38682],[26.09128,44.38678],[26.0913,44.38676],[26.09147,44.38672],[26.09145,44.38661],[26.0913,44.38625],[26.09109,44.38583],[26.09087,44.38548],[26.09114,44.38542],[26.09118,44.38537],[26.09139,44.38544],[26.09142,44.38539],[26.09152,44.38524],[26.09193,44.38534],[26.09201,44.38537],[26.09204,44.38528],[26.09116,44.38503],[26.09094,44.38466],[26.09045,44.38389],[26.09031,44.38375],[26.09004,44.38358],[26.0897,44.38333],[26.08838,44.38224],[26.08783,44.38158],[26.0877,44.38179],[26.08751,44.38201],[26.08736,44.38219],[26.08701,44.38265],[26.08689,44.38264],[26.08689,44.38321],[26.0866,44.3832],[26.08555,44.38461],[26.08364,44.3833],[26.08408,44.38299],[26.08454,44.38268],[26.08485,44.38261],[26.08526,44.38254],[26.0854,44.38134],[26.0856,44.38077],[26.08568,44.38072],[26.08655,44.38063],[26.08662,44.38063],[26.08701,44.38075],[26.08715,44.38017],[26.08812,44.38006],[26.0886,44.38009],[26.08866,44.3803],[26.09055,44.38006],[26.09064,44.38038],[26.09073,44.38037],[26.09072,44.38033],[26.09108,44.38029],[26.09144,44.38024],[26.09136,44.37995],[26.09147,44.37993],[26.09142,44.37973],[26.09144,44.37973],[26.0914,44.3796],[26.09116,44.37963],[26.09065,44.37969],[26.09059,44.37944],[26.09084,44.3794],[26.09078,44.37915],[26.09122,44.3791],[26.09119,44.37897],[26.09114,44.37879],[26.09118,44.37879],[26.09115,44.37868],[26.09113,44.3786],[26.09063,44.37865],[26.09057,44.37847],[26.09052,44.37827],[26.09054,44.37826],[26.0905,44.37811],[26.09061,44.37809],[26.09058,44.37793],[26.09046,44.3775],[26.09036,44.37751],[26.09019,44.37689],[26.08969,44.37695],[26.08958,44.37653],[26.0896,44.37651],[26.08955,44.37634],[26.08956,44.37632],[26.08968,44.3763],[26.08972,44.37646],[26.08987,44.37655],[26.0899,44.37655],[26.09033,44.37649],[26.09027,44.37622],[26.09049,44.37619],[26.09036,44.3757],[26.08988,44.37577],[26.08973,44.37518],[26.08993,44.37515],[26.08991,44.37506],[26.08984,44.37484],[26.0898,44.3747],[26.0896,44.37473],[26.08933,44.37365],[26.0895,44.37363],[26.08945,44.37344],[26.08939,44.37345],[26.08929,44.37302],[26.08925,44.37287],[26.08921,44.37269],[26.08908,44.37271],[26.08896,44.37224],[26.08916,44.37221],[26.08937,44.37219],[26.08933,44.37202],[26.08973,44.37197],[26.0897,44.37186],[26.08887,44.37196],[26.08777,44.37211],[26.08727,44.37216],[26.08752,44.37134],[26.08759,44.37122],[26.08778,44.37073],[26.08801,44.37018],[26.08837,44.36954],[26.08857,44.3692],[26.08815,44.36924]]]}},{"type":"Feature","properties":{"sector":5,"name":"Sectorul 5"},"geometry":{"type":"Polygon","coordinates":[[[26.08612,44.36937],[26.08721,44.36925],[26.08746,44.36922],[26.08769,44.3692],[26.08815,44.36924],[26.08857,44.3692],[26.08837,44.36954],[26.08801,44.37018],[26.08778,44.37073],[26.08759,44.37122],[26.08752,44.37134],[26.08727,44.37216],[26.08777,44.37211],[26.08887,44.37196],[26.0897,44.37186],[26.08973,44.37197],[26.08933,44.37202],[26.08937,44.37219],[26.08916,44.37221],[26.08896,44.37224],[26.08908,44.37271],[26.08921,44.37269],[26.08925,44.37287],[26.08929,44.37302],[26.08939,44.37345],[26.08945,44.37344],[26.0895,44.37363],[26.08933,44.37365],[26.0896,44.37473],[26.0898,44.3747],[26.08984,44.37484],[26.08991,44.37506],[26.08993,44.37515],[26.08973,44.37518],[26.08988,44.37577],[26.09036,44.3757],[26.09049,44.37619],[26.09027,44.37622],[26.09033,44.37649],[26.0899,44.37655],[26.08987,44.37655],[26.08972,44.37646],[26.08968,44.3763],[26.08956,44.37632],[26.08955,44.37634],[26.0896,44.37651],[26.08958,44.37653],[26.08969,44.37695],[26.09019,44.37689],[26.09036,44.37751],[26.09046,44.3775],[26.09058,44.37793],[26.09061,44.37809],[26.0905,44.37811],[26.09054,44.37826],[26.09052,44.37827],[26.09057,44.37847],[26.09063,44.37865],[26.09113,44.3786],[26.09115,44.37868],[26.09118,44.37879],[26.09114,44.37879],[26.09119,44.37897],[26.09122,44.3791],[26.09078,44.37915],[26.09084,44.3794],[26.09059,44.37944],[26.09065,44.37969],[26.09116,44.37963],[26.0914,44.3796],[26.09144,44.37973],[26.09142,44.37973],[26.09147,44.37993],[26.09136,44.37995],[26.09144,44.38024],[26.09108,44.38029],[26.09072,44.38033],[26.09073,44.38037],[26.09064,44.38038],[26.09055,44.38006],[26.08866,44.3803],[26.0886,44.38009],[26.08812,44.38006],[26.08715,44.38017],[26.08701,44.38075],[26.08662,44.38063],[26.08655,44.38063],[26.08568,44.38072],[26.0856,44.38077],[26.0854,44.38134],[26.08526,44.38254],[26.08485,44.38261],[26.08454,44.38268],[26.08408,44.38299],[26.08364,44.3833],[26.08555,44.38461],[26.0866,44.3832],[26.08689,44.38321],[26.08689,44.38264],[26.08701,44.38265],[26.08736,44.38219],[26.08751,44.38201],[26.0877,44.38179],[26.08783,44.38158],[26.08838,44.38224],[26.0897,44.38333],[26.09004,44.38358],[26.09031,44.38375],[26.09045,44.38389],[26.09094,44.38466],[26.09116,44.38503],[26.09204,44.38528],[26.09201,44.38537],[26.09193,44.38534],[26.09152,44.38524],[26.09142,44.38539],[26.09139,44.38544],[26.09118,44.38537],[26.09114,44.38542],[26.09087,44.38548],[26.09109,44.38583],[26.0913,44.38625],[26.09145,44.38661],[26.09147,44.38672],[26.0913,44.38676],[26.09128,44.38678],[26.09127,44.38682],[26.09129,44.38685],[26.09095,44.38693],[26.0914,44.38792],[26.09147,44.38806],[26.09111,44.38814],[26.09113,44.38818],[26.09089,44.38824],[26.09135,44.38922],[26.09166,44.38986],[26.09174,44.39008],[26.0918,44.39007],[26.09191,44.39029],[26.09193,44.39028],[26.09207,44.39058],[26.0924,44.39128],[26.09244,44.39137],[26.09257,44.39165],[26.09309,44.39277],[26.09306,44.39278],[26.09316,44.39299],[26.09295,44.39304],[26.09302,44.39319],[26.09306,44.39325],[26.09341,44.39316],[26.09345,44.39327],[26.09353,44.39347],[26.09341,44.3935],[26.09343,44.39356],[26.09346,44.39362],[26.09362,44.39359],[26.09369,44.39371],[26.09372,44.39376],[26.09375,44.39385],[26.09323,44.39397],[26.09305,44.39357],[26.09289,44.39361],[26.09318,44.39426],[26.09343,44.39421],[26.09399,44.39539],[26.094,44.39543],[26.09417,44.39538],[26.09467,44.39525],[26.09471,44.39533],[26.09441,44.3954],[26.09447,44.39553],[26.09435,44.39556],[26.09431,44.39548],[26.09429,44.39544],[26.09403,44.39549],[26.09427,44.39601],[26.09459,44.39672],[26.09503,44.3967],[26.09505,44.39677],[26.09538,44.39672],[26.09541,44.39677],[26.09484,44.39684],[26.09485,44.39691],[26.09463,44.39692],[26.09433,44.39692],[26.09339,44.3968],[26.09246,44.39667],[26.09164,44.39652],[26.09176,44.39666],[26.09177,44.39671],[26.09277,44.39686],[26.09273,44.39703],[26.09285,44.39704],[26.09289,44.39688],[26.09319,44.39692],[26.09409,44.39703],[26.09407,44.39716],[26.09402,44.39716],[26.094,44.3972],[26.09403,44.39723],[26.09403,44.39728],[26.0944,44.3973],[26.0944,44.39745],[26.09481,44.39744],[26.09528,44.39737],[26.09531,44.39746],[26.0954,44.39744],[26.09547,44.3976],[26.09551,44.3977],[26.09548,44.39771],[26.09552,44.39781],[26.0955,44.39781],[26.09556,44.39799],[26.09545,44.39801],[26.0955,44.39826],[26.09558,44.39824],[26.09562,44.39837],[26.09579,44.39835],[26.09598,44.39886],[26.09608,44.39883],[26.09612,44.39891],[26.09617,44.39899],[26.09619,44.39906],[26.09605,44.3991],[26.09609,44.39916],[26.0959,44.39921],[26.09593,44.39927],[26.09602,44.39925],[26.09605,44.39931],[26.09617,44.39928],[26.09624,44.39948],[26.09635,44.39946],[26.09641,44.39961],[26.09627,44.39964],[26.09637,44.39989],[26.09443,44.40034],[26.09257,44.39932],[26.09221,44.39968],[26.09204,44.39981],[26.09282,44.40022],[26.093,44.40033],[26.09308,44.40041],[26.09329,44.40066],[26.09356,44.40095],[26.09368,44.40105],[26.09387,44.40119],[26.09419,44.40139],[26.09481,44.40176],[26.09446,44.40213],[26.09403,44.40256],[26.0951,44.4031],[26.0957,44.40339],[26.09641,44.40348],[26.09679,44.40358],[26.09642,44.4042],[26.09585,44.40513],[26.09571,44.40538],[26.09552,44.40551],[26.09568,44.40561],[26.09464,44.40625],[26.09502,44.40652],[26.09506,44.40656],[26.0948,44.4067],[26.09455,44.40686],[26.09507,44.40729],[26.09492,44.40737],[26.09506,44.40748],[26.09495,44.40754],[26.09503,44.40762],[26.09473,44.40778],[26.09469,44.40775],[26.09436,44.40797],[26.09425,44.40786],[26.09397,44.40803],[26.09409,44.40816],[26.09383,44.4083],[26.09387,44.40833],[26.09379,44.40837],[26.0937,44.40827],[26.09365,44.40823],[26.09328,44.40852],[26.09335,44.40856],[26.09318,44.40869],[26.0932,44.4087],[26.09306,44.40881],[26.09303,44.40883],[26.09305,44.40884],[26.09297,44.40893],[26.09284,44.40908],[26.0927,44.409],[26.09258,44.40914],[26.09113,44.41099],[26.09143,44.41115],[26.09136,44.41124],[26.09113,44.41153],[26.09165,44.41178],[26.09161,44.41182],[26.09167,44.41185],[26.09162,44.4119],[26.09148,44.41184],[26.09145,44.41186],[26.09137,44.41183],[26.09133,44.41188],[26.09141,44.41191],[26.09138,44.41195],[26.09141,44.41197],[26.09133,44.41205],[26.09134,44.41205],[26.09113,44.41229],[26.09085,44.41216],[26.09081,44.41221],[26.09065,44.4122],[26.09061,44.41222],[26.09054,44.41213],[26.09038,44.41206],[26.09022,44.41196],[26.09005,44.41182],[26.08997,44.41175],[26.08952,44.41121],[26.08932,44.41099],[26.08917,44.41121],[26.08931,44.41127],[26.08909,44.41162],[26.08906,44.41164],[26.08942,44.41214],[26.09023,44.41324],[26.09042,44.41352],[26.09066,44.41383],[26.09086,44.41405],[26.09103,44.4142],[26.09125,44.41435],[26.09131,44.41437],[26.09149,44.4143],[26.09175,44.41419],[26.09179,44.41415],[26.09187,44.41375],[26.09205,44.41378],[26.09312,44.41408],[26.09326,44.41417],[26.09363,44.41505],[26.09331,44.41561],[26.09304,44.41566],[26.09264,44.41585],[26.09247,44.41564],[26.09234,44.4157],[26.09122,44.41611],[26.09106,44.41624],[26.09056,44.41673],[26.09054,44.41673],[26.09052,44.4168],[26.0905,44.41683],[26.0904,44.41686],[26.09029,44.41696],[26.09021,44.41708],[26.09007,44.41735],[26.08976,44.41782],[26.08964,44.41782],[26.08945,44.41787],[26.08932,44.41791],[26.08905,44.41788],[26.08887,44.41782],[26.08867,44.41777],[26.08865,44.4178],[26.08826,44.41799],[26.08856,44.41804],[26.08871,44.41808],[26.08881,44.41819],[26.08859,44.4183],[26.08844,44.41839],[26.08826,44.41853],[26.08807,44.41876],[26.08804,44.41883],[26.08802,44.41883],[26.08796,44.41896],[26.08791,44.41904],[26.08794,44.41903],[26.08788,44.41911],[26.08769,44.41948],[26.08799,44.41949],[26.08799,44.41953],[26.088,44.41964],[26.08826,44.41978],[26.08826,44.41982],[26.08824,44.42021],[26.08864,44.42042],[26.08874,44.4204],[26.08873,44.42055],[26.08875,44.42077],[26.0887,44.42165],[26.08884,44.42174],[26.08894,44.42183],[26.08895,44.42224],[26.08895,44.4225],[26.09022,44.42243],[26.09034,44.42358],[26.09038,44.42414],[26.0907,44.42414],[26.0908,44.42416],[26.09097,44.42425],[26.09107,44.42437],[26.09109,44.42444],[26.0919,44.42441],[26.09192,44.42458],[26.09205,44.42461],[26.09206,44.42458],[26.09232,44.42462],[26.0923,44.42467],[26.09251,44.42472],[26.09254,44.42475],[26.09266,44.4248],[26.09259,44.42485],[26.09239,44.42505],[26.09236,44.42507],[26.09235,44.42518],[26.09266,44.42519],[26.0926,44.42543],[26.09284,44.42546],[26.09282,44.42556],[26.09312,44.42562],[26.09325,44.4256],[26.09318,44.42577],[26.09339,44.42588],[26.09342,44.42588],[26.09358,44.42567],[26.09362,44.4256],[26.09365,44.42551],[26.09367,44.42547],[26.09394,44.42556],[26.0941,44.42563],[26.09415,44.42559],[26.09442,44.42567],[26.09435,44.42575],[26.09482,44.42598],[26.09458,44.42624],[26.09437,44.42645],[26.09439,44.42655],[26.09347,44.4266],[26.09316,44.42661],[26.09318,44.42686],[26.09327,44.42787],[26.09351,44.42786],[26.09361,44.42774],[26.0938,44.42769],[26.09401,44.42774],[26.09417,44.42774],[26.09452,44.4278],[26.09536,44.42813],[26.09546,44.4282],[26.09495,44.42859],[26.09496,44.42865],[26.09533,44.42878],[26.09541,44.42877],[26.09583,44.42855],[26.09592,44.42926],[26.0965,44.42924],[26.09655,44.42939],[26.0966,44.42954],[26.09661,44.42955],[26.09677,44.42977],[26.09638,44.43],[26.09648,44.43021],[26.09603,44.43063],[26.09613,44.43067],[26.09616,44.43064],[26.09618,44.43065],[26.09631,44.43052],[26.09635,44.43053],[26.09634,44.43055],[26.09646,44.43057],[26.09646,44.43056],[26.09652,44.43056],[26.09657,44.43084],[26.09668,44.43082],[26.09662,44.43094],[26.09667,44.43103],[26.09638,44.43108],[26.09646,44.43142],[26.09596,44.43154],[26.09563,44.43163],[26.09624,44.43245],[26.09633,44.43258],[26.09609,44.43268],[26.09603,44.43278],[26.09604,44.43284],[26.09611,44.4329],[26.09622,44.43292],[26.09637,44.43291],[26.09641,44.43301],[26.09636,44.43302],[26.09637,44.43304],[26.09626,44.43315],[26.09648,44.43312],[26.09689,44.43308],[26.09704,44.4338],[26.09705,44.43386],[26.09762,44.43391],[26.09776,44.43405],[26.09775,44.43423],[26.09777,44.43423],[26.09777,44.43427],[26.09775,44.43441],[26.0979,44.43441],[26.09822,44.43442],[26.09829,44.43443],[26.0982,44.43467],[26.09812,44.43479],[26.09804,44.4349],[26.098,44.4349],[26.09712,44.4349],[26.09711,44.43487],[26.09709,44.43485],[26.09706,44.43484],[26.09701,44.43484],[26.097,44.43483],[26.09668,44.43483],[26.09666,44.43537],[26.09642,44.43539],[26.09642,44.43519],[26.09629,44.43519],[26.09629,44.43522],[26.09623,44.43522],[26.09623,44.43519],[26.09617,44.43519],[26.09617,44.43512],[26.09601,44.43512],[26.09601,44.43513],[26.09573,44.43513],[26.09573,44.43515],[26.09569,44.43516],[26.09569,44.43547],[26.09534,44.4355],[26.09536,44.43508],[26.09479,44.43504],[26.09476,44.43481],[26.09474,44.4348],[26.09461,44.4348],[26.09462,44.4348],[26.09462,44.43482],[26.09461,44.43484],[26.09425,44.43499],[26.09418,44.43491],[26.09422,44.43478],[26.09385,44.43477],[26.0938,44.43516],[26.09361,44.43519],[26.09357,44.43518],[26.09358,44.4348],[26.09359,44.43478],[26.0933,44.43476],[26.09192,44.43474],[26.09185,44.43478],[26.09171,44.43478],[26.09161,44.43473],[26.09071,44.43472],[26.09072,44.43495],[26.09068,44.43528],[26.09049,44.43544],[26.09011,44.43523],[26.0898,44.43514],[26.08968,44.43511],[26.0896,44.4351],[26.08973,44.4349],[26.0899,44.43475],[26.08956,44.43473],[26.08944,44.43493],[26.08927,44.43487],[26.08921,44.43486],[26.08912,44.43487],[26.08908,44.43511],[26.08879,44.43511],[26.0886,44.43513],[26.08859,44.43498],[26.08842,44.435],[26.08836,44.435],[26.08835,44.43498],[26.08837,44.43497],[26.08835,44.43486],[26.08828,44.43477],[26.08816,44.43483],[26.08798,44.43489],[26.08808,44.43504],[26.08791,44.43509],[26.08795,44.43524],[26.08787,44.43525],[26.08784,44.43527],[26.08778,44.43509],[26.08763,44.43511],[26.08757,44.43516],[26.08763,44.43531],[26.08754,44.43533],[26.08749,44.43524],[26.08735,44.43513],[26.08771,44.43488],[26.08752,44.43482],[26.08731,44.43495],[26.08713,44.43506],[26.08699,44.43513],[26.08684,44.4352],[26.0866,44.43529],[26.08654,44.43521],[26.08696,44.43504],[26.08734,44.43481],[26.08727,44.43474],[26.08669,44.43474],[26.08659,44.43487],[26.08642,44.43478],[26.08617,44.43506],[26.08611,44.43504],[26.08597,44.43497],[26.08606,44.43489],[26.08617,44.43482],[26.08632,44.43463],[26.08599,44.43463],[26.0857,44.43494],[26.08551,44.43502],[26.08551,44.43503],[26.08549,44.43503],[26.08529,44.43499],[26.08529,44.43498],[26.08518,44.43497],[26.08518,44.43499],[26.08481,44.43499],[26.08476,44.43519],[26.0846,44.43515],[26.08463,44.4346],[26.08447,44.4346],[26.08415,44.43461],[26.08414,44.4346],[26.08391,44.4346],[26.0837,44.43458],[26.08381,44.4347],[26.08372,44.43474],[26.08379,44.43483],[26.08391,44.43481],[26.08399,44.4349],[26.084,44.43493],[26.08322,44.43654],[26.0832,44.43658],[26.08316,44.43661],[26.08312,44.43663],[26.08305,44.43665],[26.0825,44.4367],[26.08247,44.43656],[26.08245,44.43656],[26.0824,44.43627],[26.08239,44.43614],[26.08246,44.43612],[26.08242,44.43605],[26.08229,44.43609],[26.08216,44.43613],[26.08208,44.43614],[26.08203,44.43615],[26.08167,44.43608],[26.08144,44.43608],[26.08137,44.43607],[26.08137,44.43603],[26.08119,44.43605],[26.08117,44.4359],[26.08117,44.43581],[26.08111,44.43581],[26.0803,44.43586],[26.0804,44.43658],[26.08011,44.4366],[26.0801,44.43655],[26.08007,44.43652],[26.07995,44.43653],[26.07995,44.43654],[26.07992,44.43654],[26.07991,44.43653],[26.07983,44.43653],[26.07983,44.43654],[26.07952,44.43655],[26.0794,44.43658],[26.07929,44.43659],[26.07928,44.43658],[26.07922,44.43658],[26.07922,44.43659],[26.07903,44.43661],[26.07901,44.43663],[26.07883,44.43664],[26.07876,44.43616],[26.07877,44.43608],[26.07873,44.43548],[26.0789,44.43536],[26.07882,44.43469],[26.07872,44.43452],[26.07785,44.43484],[26.07784,44.43486],[26.07518,44.43589],[26.07516,44.43589],[26.07514,44.4359],[26.07486,44.4357],[26.07297,44.43664],[26.07137,44.43752],[26.07037,44.438],[26.07006,44.4382],[26.06995,44.43808],[26.07049,44.43778],[26.0704,44.43771],[26.0704,44.43767],[26.07026,44.43767],[26.0703,44.43755],[26.07029,44.43743],[26.07021,44.43745],[26.0702,44.43742],[26.07012,44.43742],[26.07011,44.43751],[26.07,44.4375],[26.06995,44.43758],[26.06967,44.4375],[26.06969,44.43746],[26.06965,44.4374],[26.06949,44.43735],[26.06952,44.43729],[26.06931,44.4376],[26.06908,44.43754],[26.06906,44.43757],[26.06905,44.43758],[26.06888,44.43752],[26.06901,44.43733],[26.06908,44.43721],[26.06911,44.43717],[26.06915,44.43713],[26.06897,44.43705],[26.06891,44.43713],[26.06876,44.43742],[26.0687,44.4374],[26.06873,44.43733],[26.06865,44.43731],[26.06867,44.43724],[26.06864,44.43723],[26.0687,44.43707],[26.0686,44.43705],[26.06855,44.4372],[26.06844,44.43719],[26.06847,44.43709],[26.0682,44.43706],[26.06817,44.43714],[26.06794,44.43708],[26.06794,44.43706],[26.06767,44.43694],[26.06769,44.4369],[26.06773,44.43686],[26.06713,44.43659],[26.06719,44.43652],[26.06711,44.43649],[26.06696,44.43662],[26.06687,44.43669],[26.06607,44.43643],[26.06389,44.43538],[26.06352,44.43529],[26.06317,44.43527],[26.06279,44.43526],[26.06232,44.43521],[26.06201,44.43516],[26.06173,44.43509],[26.06148,44.43501],[26.06033,44.43463],[26.06028,44.43461],[26.06027,44.43458],[26.06027,44.43455],[26.06017,44.43452],[26.06015,44.43454],[26.06011,44.43455],[26.06006,44.43454],[26.05982,44.43447],[26.05979,44.43426],[26.05978,44.43425],[26.05972,44.43397],[26.0597,44.43394],[26.0597,44.43306],[26.05971,44.43268],[26.05975,44.43205],[26.05981,44.43166],[26.05994,44.43126],[26.06001,44.43113],[26.06016,44.43113],[26.06025,44.43111],[26.06035,44.43108],[26.06028,44.43088],[26.06033,44.43079],[26.06039,44.43092],[26.06052,44.43086],[26.06065,44.43078],[26.06062,44.43065],[26.06041,44.43037],[26.06078,44.42993],[26.06115,44.42948],[26.06107,44.42944],[26.061,44.42941],[26.06097,44.42939],[26.06094,44.42935],[26.06095,44.4293],[26.0609,44.42925],[26.06084,44.4292],[26.06084,44.42895],[26.06101,44.42892],[26.06109,44.42889],[26.06113,44.42885],[26.06123,44.42879],[26.06113,44.42868],[26.06112,44.42866],[26.06161,44.42835],[26.06141,44.42821],[26.06164,44.42806],[26.06171,44.42801],[26.06161,44.42794],[26.06116,44.42761],[26.06093,44.42777],[26.06038,44.42738],[26.0604,44.42729],[26.06043,44.42722],[26.06056,44.42706],[26.06034,44.42698],[26.06036,44.42676],[26.06054,44.42659],[26.06036,44.42652],[26.06031,44.42652],[26.06023,44.42648],[26.06021,44.42637],[26.06041,44.42647],[26.06044,44.42643],[26.06034,44.42638],[26.06037,44.42634],[26.0602,44.42626],[26.06019,44.4262],[26.06031,44.42624],[26.06035,44.42618],[26.06038,44.42619],[26.0604,44.42614],[26.06028,44.4261],[26.0603,44.42605],[26.06039,44.42607],[26.06044,44.42599],[26.06048,44.42593],[26.06043,44.42592],[26.0605,44.42584],[26.0604,44.42579],[26.06057,44.42559],[26.06054,44.42557],[26.06065,44.42546],[26.06041,44.42534],[26.06053,44.42522],[26.06061,44.42527],[26.06066,44.42521],[26.06064,44.4252],[26.06071,44.42514],[26.06076,44.42506],[26.06031,44.42484],[26.0603,44.42473],[26.06028,44.42472],[26.06031,44.42467],[26.06029,44.42467],[26.06029,44.42462],[26.06014,44.42456],[26.06024,44.42447],[26.06012,44.42441],[26.05995,44.42442],[26.05992,44.4243],[26.0599,44.42424],[26.06009,44.42422],[26.06033,44.42403],[26.06044,44.42402],[26.0604,44.42339],[26.06037,44.42326],[26.06031,44.42277],[26.06006,44.42261],[26.06022,44.42246],[26.05998,44.42233],[26.06014,44.4222],[26.06029,44.42206],[26.06003,44.42193],[26.06031,44.42172],[26.06013,44.42161],[26.06003,44.42159],[26.06002,44.42136],[26.06004,44.42125],[26.06004,44.42119],[26.06026,44.42116],[26.06025,44.42104],[26.05941,44.42103],[26.0594,44.42091],[26.06004,44.4209],[26.06001,44.42075],[26.06022,44.42073],[26.0602,44.42014],[26.06051,44.42012],[26.0605,44.4199],[26.06002,44.41994],[26.06001,44.4199],[26.06003,44.41989],[26.06004,44.41978],[26.05995,44.41977],[26.05993,44.41955],[26.05963,44.41958],[26.05962,44.41946],[26.0596,44.41922],[26.05964,44.41916],[26.05945,44.41915],[26.05934,44.41914],[26.05916,44.41915],[26.05913,44.41896],[26.05913,44.41883],[26.0591,44.4188],[26.05907,44.41855],[26.05893,44.41852],[26.0579,44.41821],[26.05773,44.41816],[26.05802,44.41769],[26.05625,44.41715],[26.05614,44.41735],[26.05607,44.41733],[26.05667,44.41629],[26.05666,44.41627],[26.05566,44.41584],[26.05448,44.41539],[26.05375,44.4166],[26.05302,44.41638],[26.0532,44.41607],[26.05299,44.41602],[26.05373,44.41489],[26.05251,44.41452],[26.05276,44.41411],[26.0524,44.41398],[26.05267,44.41351],[26.0527,44.41346],[26.05295,44.41301],[26.05275,44.41295],[26.05283,44.41281],[26.05255,44.41273],[26.05213,44.41261],[26.05153,44.41239],[26.04843,44.41144],[26.04842,44.41152],[26.04682,44.41137],[26.04563,44.41126],[26.04369,44.41108],[26.04385,44.41021],[26.04615,44.41044],[26.04651,44.40977],[26.04689,44.40886],[26.04681,44.40854],[26.04635,44.40834],[26.04525,44.40743],[26.03932,44.40854],[26.03916,44.40969],[26.03894,44.40932],[26.03675,44.41019],[26.03368,44.40612],[26.02981,44.4075],[26.03111,44.40977],[26.03057,44.40997],[26.03391,44.41338],[26.03447,44.41393],[26.03441,44.41396],[26.03425,44.41379],[26.03401,44.41388],[26.03396,44.41384],[26.03388,44.41387],[26.03394,44.41394],[26.03382,44.41392],[26.0335,44.41359],[26.03315,44.41374],[26.03327,44.41387],[26.03312,44.41385],[26.03283,44.41354],[26.03254,44.41365],[26.02892,44.41002],[26.02885,44.41006],[26.02862,44.40982],[26.02818,44.40978],[26.02954,44.41119],[26.03142,44.41306],[26.03152,44.41316],[26.03165,44.41329],[26.03166,44.4133],[26.03147,44.41339],[26.03171,44.41364],[26.03154,44.41361],[26.03097,44.41304],[26.03079,44.41312],[26.03103,44.41337],[26.03085,44.41347],[26.03093,44.41357],[26.03013,44.41347],[26.02982,44.41318],[26.02948,44.41336],[26.02951,44.41341],[26.02875,44.41331],[26.02785,44.41239],[26.02704,44.41232],[26.02762,44.41288],[26.02794,44.41321],[26.02778,44.41319],[26.02762,44.41316],[26.02747,44.41301],[26.02731,44.41309],[26.02675,44.4125],[26.0264,44.41215],[26.02621,44.41213],[26.02654,44.41248],[26.02667,44.41262],[26.02684,44.4128],[26.02676,44.41284],[26.02697,44.41306],[26.02673,44.41303],[26.02676,44.413],[26.0259,44.41218],[26.02541,44.41242],[26.0259,44.41297],[26.02582,44.41296],[26.02546,44.41257],[26.02532,44.41266],[26.02444,44.41179],[26.02399,44.41199],[26.025,44.41287],[26.02486,44.41287],[26.02475,44.41273],[26.02466,44.41277],[26.02446,44.41258],[26.02436,44.41263],[26.02454,44.41282],[26.024,44.41274],[26.02368,44.41269],[26.02352,44.4126],[26.0235,44.41256],[26.02338,44.4125],[26.02304,44.41236],[26.02272,44.41219],[26.02244,44.41237],[26.02248,44.41256],[26.02207,44.41249],[26.02208,44.41219],[26.02196,44.4122],[26.02173,44.41195],[26.02138,44.41211],[26.02013,44.41085],[26.02017,44.41081],[26.01941,44.41041],[26.01894,44.41064],[26.02058,44.4123],[26.01981,44.41223],[26.01931,44.41167],[26.01901,44.41182],[26.01877,44.41192],[26.01892,44.41212],[26.0188,44.4121],[26.0184,44.41166],[26.0182,44.41176],[26.01772,44.41126],[26.0172,44.41074],[26.01686,44.41086],[26.0164,44.41083],[26.01615,44.41176],[26.016,44.41175],[26.01645,44.41026],[26.01633,44.40998],[26.0154,44.40897],[26.01518,44.40871],[26.01501,44.40854],[26.01496,44.40852],[26.01411,44.40849],[26.014,44.40892],[26.01257,44.40873],[26.01241,44.40933],[26.01199,44.41075],[26.01171,44.41071],[26.01179,44.41042],[26.01172,44.4104],[26.01159,44.41087],[26.01132,44.41083],[26.01143,44.41036],[26.01047,44.41026],[26.01045,44.41037],[26.00999,44.4103],[26.01,44.41015],[26.0098,44.41013],[26.00961,44.41089],[26.00953,44.4109],[26.00998,44.40926],[26.00974,44.40922],[26.00995,44.40842],[26.00951,44.40835],[26.00934,44.40833],[26.00906,44.40831],[26.00809,44.40817],[26.00771,44.40815],[26.00331,44.4076],[26.00017,44.4072],[25.99998,44.40789],[25.99947,44.40968],[25.99923,44.40964],[25.99943,44.40889],[25.99968,44.40808],[25.99906,44.40799],[25.99926,44.40715],[25.99801,44.40697],[25.99806,44.4069],[25.99756,44.40685],[25.99757,44.40681],[25.99689,44.40673],[25.9962,44.40666],[25.99624,44.40653],[25.99629,44.40634],[25.99633,44.40623],[25.99636,44.40614],[25.99637,44.40608],[25.99662,44.40506],[25.99669,44.40478],[25.99676,44.40449],[25.99727,44.40282],[25.99818,44.40295],[25.99844,44.40297],[25.99927,44.4031],[26.00104,44.40329],[26.00193,44.40342],[26.00248,44.4035],[26.00268,44.4028],[26.00296,44.40184],[26.00333,44.4017],[26.01045,44.40554],[26.01088,44.40577],[26.01122,44.40544],[26.01155,44.4052],[26.01231,44.40445],[26.01331,44.40346],[26.01359,44.40363],[26.01366,44.40356],[26.01415,44.40308],[26.01483,44.40243],[26.01545,44.40183],[26.01631,44.4011],[26.01756,44.39993],[26.01922,44.39828],[26.02005,44.3975],[26.02037,44.39719],[26.02109,44.39655],[26.02119,44.39646],[26.02204,44.39566],[26.02274,44.39497],[26.02322,44.39449],[26.02419,44.39363],[26.02553,44.39238],[26.02542,44.39235],[26.0256,44.39219],[26.02649,44.3913],[26.0267,44.39111],[26.027,44.39082],[26.02728,44.39082],[26.02749,44.39072],[26.02782,44.39057],[26.02849,44.3897],[26.02884,44.38984],[26.0291,44.38954],[26.02959,44.38976],[26.03037,44.38919],[26.03043,44.38914],[26.03078,44.3889],[26.03133,44.38838],[26.03162,44.38855],[26.03167,44.38851],[26.03276,44.38914],[26.03283,44.38908],[26.03411,44.38981],[26.03403,44.38988],[26.03438,44.39007],[26.03409,44.39032],[26.03504,44.39092],[26.03601,44.39003],[26.03659,44.38951],[26.03668,44.38944],[26.03943,44.38709],[26.03891,44.38679],[26.0386,44.38661],[26.03807,44.3863],[26.03724,44.38579],[26.03304,44.38318],[26.03779,44.38009],[26.04369,44.37631],[26.04576,44.37499],[26.04666,44.37648],[26.04664,44.37649],[26.04688,44.37695],[26.04699,44.3772],[26.04703,44.37737],[26.04705,44.37748],[26.04705,44.37763],[26.04704,44.37769],[26.04726,44.37765],[26.04807,44.37751],[26.04885,44.37734],[26.04929,44.37724],[26.05277,44.37639],[26.05404,44.37607],[26.05609,44.37955],[26.05705,44.37922],[26.05749,44.37906],[26.05966,44.37827],[26.06148,44.37768],[26.06146,44.37756],[26.06347,44.37685],[26.06895,44.37465],[26.06937,44.37622],[26.07148,44.37867],[26.07167,44.37897],[26.07379,44.3785],[26.07439,44.3784],[26.07697,44.37808],[26.07642,44.37638],[26.07648,44.37602],[26.07599,44.37458],[26.07533,44.37199],[26.07809,44.37101],[26.08047,44.37022],[26.08078,44.37015],[26.08153,44.37],[26.08173,44.36997],[26.08226,44.36988],[26.08599,44.36947],[26.08597,44.36939],[26.08612,44.36937]]]}},{"type":"Feature","properties":{"sector":6,"name":"Sectorul 6"},"geometry":{"type":"Polygon","coordinates":[[[25.9962,44.40666],[25.99689,44.40673],[25.99757,44.40681],[25.99756,44.40685],[25.99806,44.4069],[25.99801,44.40697],[25.99926,44.40715],[25.99906,44.40799],[25.99968,44.40808],[25.99943,44.40889],[25.99923,44.40964],[25.99947,44.40968],[25.99998,44.40789],[26.00017,44.4072],[26.00331,44.4076],[26.00771,44.40815],[26.00809,44.40817],[26.00906,44.40831],[26.00934,44.40833],[26.00951,44.40835],[26.00995,44.40842],[26.00974,44.40922],[26.00998,44.40926],[26.00953,44.4109],[26.00961,44.41089],[26.0098,44.41013],[26.01,44.41015],[26.00999,44.4103],[26.01045,44.41037],[26.01047,44.41026],[26.01143,44.41036],[26.01132,44.41083],[26.01159,44.41087],[26.01172,44.4104],[26.01179,44.41042],[26.01171,44.41071],[26.01199,44.41075],[26.01241,44.40933],[26.01257,44.40873],[26.014,44.40892],[26.01411,44.40849],[26.01496,44.40852],[26.01501,44.40854],[26.01518,44.40871],[26.0154,44.40897],[26.01633,44.40998],[26.01645,44.41026],[26.016,44.41175],[26.01615,44.41176],[26.0164,44.41083],[26.01686,44.41086],[26.0172,44.41074],[26.01772,44.41126],[26.0182,44.41176],[26.0184,44.41166],[26.0188,44.4121],[26.01892,44.41212],[26.01877,44.41192],[26.01901,44.41182],[26.01931,44.41167],[26.01981,44.41223],[26.02058,44.4123],[26.01894,44.41064],[26.01941,44.41041],[26.02017,44.41081],[26.02013,44.41085],[26.02138,44.41211],[26.02173,44.41195],[26.02196,44.4122],[26.02208,44.41219],[26.02207,44.41249],[26.02248,44.41256],[26.02244,44.41237],[26.02272,44.41219],[26.02304,44.41236],[26.02338,44.4125],[26.0235,44.41256],[26.02352,44.4126],[26.02368,44.41269],[26.024,44.41274],[26.02454,44.41282],[26.02436,44.41263],[26.02446,44.41258],[26.02466,44.41277],[26.02475,44.41273],[26.02486,44.41287],[26.025,44.41287],[26.02399,44.41199],[26.02444,44.41179],[26.02532,44.41266],[26.02546,44.41257],[26.02582,44.41296],[26.0259,44.41297],[26.02541,44.41242],[26.0259,44.41218],[26.02676,44.413],[26.02673,44.41303],[26.02697,44.41306],[26.02676,44.41284],[26.02684,44.4128],[26.02667,44.41262],[26.02654,44.41248],[26.02621,44.41213],[26.0264,44.41215],[26.02675,44.4125],[26.02731,44.41309],[26.02747,44.41301],[26.02762,44.41316],[26.02778,44.41319],[26.02794,44.41321],[26.02762,44.41288],[26.02704,44.41232],[26.02785,44.41239],[26.02875,44.41331],[26.02951,44.41341],[26.02948,44.41336],[26.02982,44.41318],[26.03013,44.41347],[26.03093,44.41357],[26.03085,44.41347],[26.03103,44.41337],[26.03079,44.41312],[26.03097,44.41304],[26.03154,44.41361],[26.03171,44.41364],[26.03147,44.41339],[26.03166,44.4133],[26.03165,44.41329],[26.03152,44.41316],[26.03142,44.41306],[26.02954,44.41119],[26.02818,44.40978],[26.02862,44.40982],[26.02885,44.41006],[26.02892,44.41002],[26.03254,44.41365],[26.03283,44.41354],[26.03312,44.41385],[26.03327,44.41387],[26.03315,44.41374],[26.0335,44.41359],[26.03382,44.41392],[26.03394,44.41394],[26.03388,44.41387],[26.03396,44.41384],[26.03401,44.41388],[26.03425,44.41379],[26.03441,44.41396],[26.03447,44.41393],[26.03391,44.41338],[26.03057,44.40997],[26.03111,44.40977],[26.02981,44.4075],[26.03368,44.40612],[26.03675,44.41019],[26.03894,44.40932],[26.03916,44.40969],[26.03932,44.40854],[26.04525,44.40743],[26.04635,44.40834],[26.04681,44.40854],[26.04689,44.40886],[26.04651,44.40977],[26.04615,44.41044],[26.04385,44.41021],[26.04369,44.41108],[26.04563,44.41126],[26.04682,44.41137],[26.04842,44.41152],[26.04843,44.41144],[26.05153,44.41239],[26.05213,44.41261],[26.05255,44.41273],[26.05283,44.41281],[26.05275,44.41295],[26.05295,44.41301],[26.0527,44.41346],[26.05267,44.41351],[26.0524,44.41398],[26.05276,44.41411],[26.05251,44.41452],[26.05373,44.41489],[26.05299,44.41602],[26.0532,44.41607],[26.05302,44.41638],[26.05375,44.4166],[26.05448,44.41539],[26.05566,44.41584],[26.05666,44.41627],[26.05667,44.41629],[26.05607,44.41733],[26.05614,44.41735],[26.05625,44.41715],[26.05802,44.41769],[26.05773,44.41816],[26.0579,44.41821],[26.05893,44.41852],[26.05907,44.41855],[26.0591,44.4188],[26.05913,44.41883],[26.05913,44.41896],[26.05916,44.41915],[26.05934,44.41914],[26.05945,44.41915],[26.05964,44.41916],[26.0596,44.41922],[26.05962,44.41946],[26.05963,44.41958],[26.05993,44.41955],[26.05995,44.41977],[26.06004,44.41978],[26.06003,44.41989],[26.06001,44.4199],[26.06002,44.41994],[26.0605,44.4199],[26.06051,44.42012],[26.0602,44.42014],[26.06022,44.42073],[26.06001,44.42075],[26.06004,44.4209],[26.0594,44.42091],[26.05941,44.42103],[26.06025,44.42104],[26.06026,44.42116],[26.06004,44.42119],[26.06004,44.42125],[26.06002,44.42136],[26.06003,44.42159],[26.06013,44.42161],[26.06031,44.42172],[26.06003,44.42193],[26.06029,44.42206],[26.06014,44.4222],[26.05998,44.42233],[26.06022,44.42246],[26.06006,44.42261],[26.06031,44.42277],[26.06037,44.42326],[26.0604,44.42339],[26.06044,44.42402],[26.06033,44.42403],[26.06009,44.42422],[26.0599,44.42424],[26.05992,44.4243],[26.05995,44.42442],[26.06012,44.42441],[26.06024,44.42447],[26.06014,44.42456],[26.06029,44.42462],[26.06029,44.42467],[26.06031,44.42467],[26.06028,44.42472],[26.0603,44.42473],[26.06031,44.42484],[26.06076,44.42506],[26.06071,44.42514],[26.06064,44.4252],[26.06066,44.42521],[26.06061,44.42527],[26.06053,44.42522],[26.06041,44.42534],[26.06065,44.42546],[26.06054,44.42557],[26.06057,44.42559],[26.0604,44.42579],[26.0605,44.42584],[26.06043,44.42592],[26.06048,44.42593],[26.06044,44.42599],[26.06039,44.42607],[26.0603,44.42605],[26.06028,44.4261],[26.0604,44.42614],[26.06038,44.42619],[26.06035,44.42618],[26.06031,44.42624],[26.06019,44.4262],[26.0602,44.42626],[26.06037,44.42634],[26.06034,44.42638],[26.06044,44.42643],[26.06041,44.42647],[26.06021,44.42637],[26.06023,44.42648],[26.06031,44.42652],[26.06036,44.42652],[26.06054,44.42659],[26.06036,44.42676],[26.06034,44.42698],[26.06056,44.42706],[26.06043,44.42722],[26.0604,44.42729],[26.06038,44.42738],[26.06093,44.42777],[26.06116,44.42761],[26.06161,44.42794],[26.06171,44.42801],[26.06164,44.42806],[26.06141,44.42821],[26.06161,44.42835],[26.06112,44.42866],[26.06113,44.42868],[26.06123,44.42879],[26.06113,44.42885],[26.06109,44.42889],[26.06101,44.42892],[26.06084,44.42895],[26.06084,44.4292],[26.0609,44.42925],[26.06095,44.4293],[26.06094,44.42935],[26.06097,44.42939],[26.061,44.42941],[26.06107,44.42944],[26.06115,44.42948],[26.06078,44.42993],[26.06041,44.43037],[26.06062,44.43065],[26.06065,44.43078],[26.06052,44.43086],[26.06039,44.43092],[26.06033,44.43079],[26.06028,44.43088],[26.06035,44.43108],[26.06025,44.43111],[26.06016,44.43113],[26.06001,44.43113],[26.05994,44.43126],[26.05981,44.43166],[26.05975,44.43205],[26.05971,44.43268],[26.0597,44.43306],[26.0597,44.43394],[26.05972,44.43397],[26.05978,44.43425],[26.05979,44.43426],[26.05982,44.43447],[26.06006,44.43454],[26.06011,44.43455],[26.06015,44.43454],[26.06017,44.43452],[26.06027,44.43455],[26.06027,44.43458],[26.06028,44.43461],[26.06033,44.43463],[26.06148,44.43501],[26.06173,44.43509],[26.06201,44.43516],[26.06232,44.43521],[26.06279,44.43526],[26.06317,44.43527],[26.06352,44.43529],[26.06389,44.43538],[26.06607,44.43643],[26.06687,44.43669],[26.06696,44.43662],[26.06711,44.43649],[26.06719,44.43652],[26.06713,44.43659],[26.06773,44.43686],[26.06769,44.4369],[26.06767,44.43694],[26.06794,44.43706],[26.06794,44.43708],[26.06817,44.43714],[26.0682,44.43706],[26.06847,44.43709],[26.06844,44.43719],[26.06855,44.4372],[26.0686,44.43705],[26.0687,44.43707],[26.06864,44.43723],[26.06867,44.43724],[26.06865,44.43731],[26.06873,44.43733],[26.0687,44.4374],[26.06876,44.43742],[26.06891,44.43713],[26.06897,44.43705],[26.06915,44.43713],[26.06911,44.43717],[26.06908,44.43721],[26.06901,44.43733],[26.06888,44.43752],[26.06905,44.43758],[26.06906,44.43757],[26.06908,44.43754],[26.06931,44.4376],[26.06952,44.43729],[26.06949,44.43735],[26.06965,44.4374],[26.06969,44.43746],[26.06967,44.4375],[26.06995,44.43758],[26.07,44.4375],[26.07011,44.43751],[26.07012,44.43742],[26.0702,44.43742],[26.07021,44.43745],[26.07029,44.43743],[26.0703,44.43755],[26.07026,44.43767],[26.0704,44.43767],[26.0704,44.43771],[26.07049,44.43778],[26.06995,44.43808],[26.07006,44.4382],[26.07017,44.43826],[26.0705,44.43858],[26.07094,44.43889],[26.0712,44.439],[26.07116,44.43906],[26.07168,44.43917],[26.07206,44.43918],[26.07211,44.43921],[26.07209,44.43925],[26.07237,44.43931],[26.07277,44.43961],[26.07276,44.43975],[26.07271,44.43993],[26.07253,44.44005],[26.07264,44.44013],[26.07274,44.44013],[26.07305,44.44033],[26.0729,44.44061],[26.07328,44.44074],[26.073,44.44119],[26.07258,44.441],[26.07251,44.44113],[26.07264,44.44129],[26.07259,44.44131],[26.07242,44.44125],[26.07221,44.44156],[26.07258,44.44172],[26.07297,44.44197],[26.07285,44.4421],[26.07211,44.44172],[26.07188,44.44207],[26.07242,44.44243],[26.07232,44.44251],[26.07301,44.44306],[26.07287,44.44315],[26.0729,44.44319],[26.07287,44.44321],[26.0729,44.44323],[26.07275,44.44332],[26.07271,44.44329],[26.07252,44.4434],[26.07155,44.44254],[26.07141,44.44271],[26.07132,44.44283],[26.07156,44.44301],[26.07143,44.44308],[26.07137,44.44304],[26.07125,44.44314],[26.0711,44.44303],[26.07101,44.44309],[26.07115,44.4432],[26.07104,44.44327],[26.07136,44.4435],[26.07128,44.44354],[26.07147,44.4437],[26.07102,44.44392],[26.07075,44.44357],[26.07059,44.44368],[26.07048,44.44351],[26.07038,44.44358],[26.07054,44.44381],[26.07044,44.44384],[26.07043,44.44382],[26.0704,44.44384],[26.07029,44.44367],[26.07026,44.44369],[26.07038,44.44384],[26.0703,44.44388],[26.07058,44.44426],[26.07048,44.4443],[26.07052,44.44435],[26.07041,44.44439],[26.07025,44.44414],[26.07016,44.44417],[26.06996,44.4439],[26.06991,44.44394],[26.07009,44.44425],[26.06998,44.44427],[26.07004,44.44438],[26.07021,44.44473],[26.07032,44.44498],[26.07,44.44501],[26.06997,44.4449],[26.07003,44.44489],[26.07002,44.44484],[26.07008,44.44484],[26.06996,44.44451],[26.06986,44.44453],[26.06977,44.44431],[26.0696,44.44434],[26.06954,44.44425],[26.06944,44.44428],[26.06947,44.44436],[26.0694,44.44438],[26.06946,44.44455],[26.06936,44.44457],[26.06949,44.44503],[26.06919,44.44508],[26.06914,44.44493],[26.0691,44.44495],[26.06891,44.44507],[26.06878,44.44498],[26.06868,44.44504],[26.06852,44.44495],[26.06842,44.445],[26.06864,44.44518],[26.06846,44.4453],[26.06844,44.44528],[26.06824,44.44541],[26.06806,44.44526],[26.06798,44.44533],[26.06857,44.44582],[26.06839,44.44593],[26.06821,44.44615],[26.06779,44.44579],[26.06757,44.44561],[26.06747,44.44569],[26.06738,44.44575],[26.06749,44.4459],[26.06731,44.44602],[26.06746,44.44617],[26.06758,44.44632],[26.06726,44.44646],[26.06741,44.4466],[26.06725,44.4467],[26.06696,44.44648],[26.06673,44.44664],[26.06642,44.44645],[26.06633,44.44651],[26.06658,44.44666],[26.0664,44.44683],[26.06649,44.44688],[26.06616,44.44725],[26.06601,44.44719],[26.06588,44.44738],[26.06534,44.44727],[26.06529,44.44735],[26.06537,44.44736],[26.06535,44.44743],[26.06531,44.44742],[26.06536,44.44747],[26.06574,44.44774],[26.06557,44.44789],[26.06566,44.44794],[26.06561,44.44799],[26.06548,44.44793],[26.06539,44.448],[26.06536,44.44798],[26.06517,44.44787],[26.06509,44.44794],[26.06472,44.4477],[26.0645,44.44785],[26.06363,44.44808],[26.06324,44.44817],[26.06307,44.44823],[26.0629,44.44834],[26.06264,44.44892],[26.06243,44.44931],[26.0625,44.44942],[26.06263,44.44994],[26.06279,44.44993],[26.06282,44.45007],[26.06289,44.45011],[26.06293,44.45024],[26.06301,44.45023],[26.06312,44.45027],[26.06328,44.45077],[26.06312,44.45079],[26.06314,44.45085],[26.06305,44.45086],[26.06313,44.4512],[26.06311,44.45188],[26.0623,44.45199],[26.06216,44.4515],[26.06176,44.45156],[26.06157,44.45084],[26.06167,44.4506],[26.06183,44.45041],[26.06221,44.44996],[26.06249,44.44995],[26.06238,44.44953],[26.06224,44.44979],[26.06162,44.45035],[26.06155,44.45034],[26.06101,44.4508],[26.06097,44.45122],[26.06063,44.45194],[26.06049,44.45227],[26.0604,44.45244],[26.06036,44.45274],[26.06039,44.45307],[26.06038,44.45334],[26.06016,44.4533],[26.06,44.45326],[26.05998,44.45331],[26.05993,44.45331],[26.0599,44.45337],[26.05983,44.45337],[26.05983,44.45339],[26.05938,44.45328],[26.05934,44.45335],[26.05929,44.45335],[26.05915,44.45369],[26.05937,44.45378],[26.05915,44.45421],[26.05809,44.45394],[26.0577,44.45382],[26.05771,44.4538],[26.05765,44.45394],[26.05773,44.45393],[26.05878,44.45423],[26.05866,44.45452],[26.05973,44.45476],[26.05956,44.45494],[26.05931,44.45485],[26.059,44.45509],[26.05883,44.45501],[26.05874,44.4551],[26.05867,44.45506],[26.05835,44.45531],[26.05826,44.45528],[26.05805,44.4555],[26.05685,44.45501],[26.05532,44.45686],[26.05602,44.45717],[26.05558,44.45751],[26.05532,44.45735],[26.05497,44.45767],[26.05496,44.45772],[26.05489,44.45773],[26.05475,44.45785],[26.05459,44.45784],[26.05453,44.45787],[26.05442,44.45776],[26.05422,44.45783],[26.05419,44.4578],[26.05404,44.45786],[26.05407,44.4579],[26.054,44.45794],[26.05381,44.45802],[26.05373,44.45832],[26.05339,44.45848],[26.05333,44.4584],[26.05303,44.45858],[26.05296,44.45852],[26.05272,44.45864],[26.05233,44.45822],[26.05222,44.45826],[26.05235,44.4584],[26.05215,44.4585],[26.05221,44.45857],[26.05118,44.45909],[26.05111,44.45901],[26.05041,44.45934],[26.04987,44.45961],[26.04993,44.45968],[26.04955,44.45988],[26.04951,44.45985],[26.04902,44.46009],[26.04897,44.46003],[26.04784,44.46058],[26.04789,44.46065],[26.04727,44.46095],[26.0472,44.46088],[26.04608,44.46147],[26.04604,44.46152],[26.04599,44.46154],[26.04692,44.46255],[26.04604,44.46306],[26.04581,44.46286],[26.04537,44.46242],[26.04532,44.46242],[26.04463,44.46277],[26.04407,44.46218],[26.04397,44.46223],[26.04413,44.46241],[26.04365,44.46263],[26.04376,44.46275],[26.04365,44.46281],[26.04369,44.46285],[26.04314,44.46311],[26.04284,44.46326],[26.04273,44.46316],[26.04262,44.46322],[26.04214,44.46344],[26.04212,44.46342],[26.04181,44.46359],[26.04167,44.46367],[26.04188,44.46388],[26.04158,44.46405],[26.04155,44.46403],[26.04143,44.4641],[26.04149,44.46416],[26.04145,44.46419],[26.04155,44.46428],[26.04159,44.46426],[26.0417,44.46436],[26.04144,44.4645],[26.04127,44.46447],[26.04119,44.46442],[26.04066,44.4639],[26.04042,44.46403],[26.04035,44.46408],[26.04025,44.46414],[26.04043,44.46431],[26.04025,44.4644],[26.04009,44.46424],[26.03998,44.46429],[26.04015,44.46445],[26.03966,44.46472],[26.03952,44.46458],[26.03939,44.46464],[26.03954,44.46478],[26.03904,44.46505],[26.03889,44.46491],[26.03876,44.46497],[26.03893,44.46513],[26.03869,44.46525],[26.03874,44.46531],[26.03861,44.46537],[26.0385,44.46525],[26.03836,44.46533],[26.03826,44.46523],[26.03814,44.46529],[26.03833,44.46546],[26.03782,44.46572],[26.03764,44.46556],[26.03753,44.46562],[26.0377,44.46579],[26.03719,44.46607],[26.03701,44.46589],[26.03688,44.46595],[26.03708,44.46613],[26.03684,44.46626],[26.03675,44.46619],[26.03657,44.46628],[26.0366,44.4663],[26.03652,44.46633],[26.03629,44.46613],[26.03616,44.46618],[26.03637,44.46639],[26.03612,44.46653],[26.03603,44.46644],[26.03591,44.46651],[26.03576,44.46637],[26.03564,44.46643],[26.03558,44.46638],[26.03543,44.46642],[26.03566,44.46664],[26.0355,44.46672],[26.03551,44.46675],[26.03543,44.46677],[26.03536,44.46665],[26.03499,44.46675],[26.03488,44.46658],[26.03473,44.46663],[26.03482,44.46677],[26.03436,44.46691],[26.03447,44.4671],[26.03434,44.46714],[26.03427,44.46704],[26.03395,44.46714],[26.03381,44.4669],[26.03367,44.46695],[26.03387,44.46729],[26.03342,44.46743],[26.03335,44.46732],[26.03289,44.46746],[26.03276,44.46725],[26.03261,44.46729],[26.03274,44.46751],[26.03248,44.46759],[26.03254,44.46769],[26.03236,44.46775],[26.03229,44.46765],[26.03209,44.46772],[26.03195,44.4675],[26.03166,44.4676],[26.03155,44.46762],[26.03161,44.46772],[26.03147,44.46776],[26.03141,44.46766],[26.03116,44.46773],[26.03117,44.46778],[26.0311,44.4678],[26.03108,44.46775],[26.03032,44.468],[26.03043,44.46825],[26.03052,44.46842],[26.03057,44.46849],[26.03065,44.46854],[26.03083,44.46866],[26.03097,44.46874],[26.03004,44.46903],[26.02981,44.46862],[26.02957,44.46823],[26.02942,44.46828],[26.02986,44.46901],[26.02941,44.46915],[26.02942,44.46919],[26.02896,44.46933],[26.0289,44.46921],[26.02936,44.46907],[26.02923,44.46886],[26.02873,44.469],[26.02848,44.46858],[26.02833,44.46863],[26.02922,44.4701],[26.02936,44.47034],[26.03047,44.47],[26.03081,44.47057],[26.02936,44.47093],[26.02931,44.47088],[26.02919,44.47092],[26.02879,44.47101],[26.02825,44.47051],[26.02805,44.47034],[26.02776,44.47007],[26.02749,44.46999],[26.02724,44.46998],[26.02696,44.46991],[26.02673,44.46988],[26.02659,44.46985],[26.02619,44.46981],[26.0259,44.46982],[26.02572,44.46985],[26.02564,44.46976],[26.02513,44.46992],[26.02451,44.4702],[26.02417,44.47042],[26.02402,44.47057],[26.02281,44.47157],[26.02244,44.47197],[26.02212,44.47223],[26.02168,44.47254],[26.02111,44.47291],[26.0208,44.47307],[26.02039,44.47328],[26.01985,44.47356],[26.01926,44.47384],[26.01864,44.47413],[26.01801,44.47435],[26.01767,44.47445],[26.01238,44.47614],[26.0112,44.47653],[26.00978,44.47705],[26.00805,44.47766],[26.00646,44.47825],[26.00414,44.47906],[26.00274,44.47939],[26.00173,44.47955],[26.00056,44.47965],[25.9996,44.47968],[25.99875,44.47966],[25.99782,44.47958],[25.99661,44.47948],[25.99321,44.47918],[25.99207,44.47903],[25.9911,44.47877],[25.99047,44.47856],[25.98996,44.47833],[25.98918,44.47795],[25.98827,44.47738],[25.98793,44.4771],[25.98636,44.47576],[25.983,44.47276],[25.97995,44.47019],[25.97978,44.47032],[25.97962,44.47044],[25.97949,44.47026],[25.97871,44.4696],[25.97752,44.46857],[25.97645,44.4677],[25.97636,44.46761],[25.97669,44.4675],[25.97688,44.46744],[25.97711,44.4674],[25.97729,44.46715],[25.97639,44.46664],[25.97613,44.46649],[25.97596,44.4664],[25.97594,44.46621],[25.97613,44.46561],[25.9775,44.46605],[25.97787,44.46585],[25.97805,44.46596],[25.97839,44.46582],[25.97899,44.46617],[25.97943,44.46644],[25.97955,44.46651],[25.97974,44.46657],[25.98091,44.46688],[25.9821,44.46704],[25.98264,44.46688],[25.98296,44.46675],[25.98331,44.46654],[25.98502,44.46595],[25.98599,44.46559],[25.98721,44.46511],[25.99262,44.46323],[25.99694,44.4619],[25.99955,44.46119],[26.00073,44.46085],[26.00188,44.46047],[26.00317,44.45989],[26.00439,44.45943],[26.00494,44.45908],[26.00581,44.45862],[26.00656,44.45835],[26.00812,44.45797],[26.00852,44.45791],[26.0092,44.45789],[26.00977,44.45792],[26.0107,44.45815],[26.01146,44.45822],[26.01201,44.45824],[26.01272,44.4582],[26.01314,44.45809],[26.01338,44.45802],[26.01362,44.4579],[26.0159,44.45539],[26.01321,44.45418],[26.01317,44.45412],[26.01326,44.45365],[26.01333,44.45323],[26.01336,44.45278],[26.01339,44.45259],[26.0135,44.45225],[26.01355,44.4521],[26.01379,44.45171],[26.01405,44.45144],[26.01422,44.45129],[26.0143,44.45124],[26.0148,44.451],[26.01486,44.45095],[26.01487,44.45087],[26.01463,44.45035],[26.01461,44.45027],[26.01463,44.45004],[26.01467,44.44983],[26.01473,44.44969],[26.01479,44.44963],[26.01526,44.44942],[26.01575,44.44917],[26.01585,44.44913],[26.01598,44.44912],[26.01661,44.44917],[26.01681,44.44919],[26.01727,44.44928],[26.01745,44.44934],[26.01752,44.44938],[26.01776,44.44957],[26.01785,44.44963],[26.01795,44.44966],[26.01804,44.44962],[26.01811,44.44953],[26.01838,44.44923],[26.01852,44.44908],[26.0189,44.44886],[26.01917,44.4487],[26.0194,44.44852],[26.0195,44.44844],[26.01957,44.44839],[26.0198,44.44839],[26.01977,44.44828],[26.01929,44.44687],[26.01915,44.44627],[26.01914,44.44615],[26.01925,44.44601],[26.01914,44.44597],[26.01763,44.4453],[26.01467,44.4439],[26.01281,44.4431],[26.0126,44.44303],[26.01233,44.44295],[26.01124,44.44291],[26.00718,44.44272],[26.00619,44.44266],[26.00135,44.44241],[25.99976,44.44233],[25.99976,44.44237],[25.99348,44.44206],[25.99174,44.44197],[25.99069,44.44192],[25.9841,44.44164],[25.96667,44.44074],[25.96681,44.43955],[25.96701,44.43799],[25.96722,44.43645],[25.96682,44.43648],[25.96683,44.43619],[25.96693,44.43569],[25.96702,44.43519],[25.96711,44.43432],[25.96715,44.43399],[25.96718,44.43396],[25.96718,44.43392],[25.96716,44.43386],[25.96733,44.43207],[25.96733,44.43206],[25.96725,44.43171],[25.9677,44.43173],[25.96818,44.42748],[25.96846,44.42555],[25.96866,44.42381],[25.96874,44.42324],[25.96899,44.42188],[25.96922,44.42098],[25.96957,44.4196],[25.96992,44.41843],[25.97067,44.41637],[25.97084,44.416],[25.97123,44.41528],[25.97202,44.41394],[25.97284,44.41244],[25.97363,44.41105],[25.97427,44.40992],[25.97493,44.40885],[25.97559,44.40761],[25.97629,44.40639],[25.97683,44.40653],[25.97748,44.4067],[25.97772,44.40673],[25.97903,44.40695],[25.98114,44.4073],[25.98143,44.40734],[25.98187,44.40741],[25.98218,44.40744],[25.98228,44.40745],[25.98274,44.40746],[25.98387,44.40744],[25.98443,44.40743],[25.98789,44.40736],[25.9888,44.40734],[25.98901,44.40735],[25.98924,44.40739],[25.99192,44.40822],[25.99213,44.40827],[25.99415,44.40888],[25.99523,44.4092],[25.99552,44.40927],[25.99576,44.40834],[25.9962,44.40666]]]}}]}
